2026-06-26 14:50:57 - Starting PosApplication using Java 22.0.2 with PID 11392 (C:\Users\308331\Desktop\Training\Hacker_Earth\UST-Live-03\POS\target\classes started by 308331 in C:\Users\308331\Desktop\Training\Hacker_Earth\UST-Live-03\POS)
2026-06-26 14:50:57 - No active profile set, falling back to 1 default profile: "default"
2026-06-26 14:50:59 - Bootstrapping Spring Data JPA repositories in DEFAULT mode.
2026-06-26 14:50:59 - Finished Spring Data repository scanning in 297 ms. Found 19 JPA repository interfaces.
2026-06-26 14:51:01 - Tomcat initialized with port 8080 (http)
2026-06-26 14:51:01 - Starting service [Tomcat]
2026-06-26 14:51:01 - Starting Servlet engine: [Apache Tomcat/11.0.20]
2026-06-26 14:51:02 - At least one JAR was scanned for TLDs yet contained no TLDs. Enable debug logging for this logger for a complete list of JARs that were scanned but no TLDs were found in them. Skipping unneeded JARs during scanning can improve startup time and JSP compilation time.
2026-06-26 14:51:02 - Root WebApplicationContext: initialization completed in 4757 ms
2026-06-26 14:51:02 - HHH008540: Processing PersistenceUnitInfo [name: default]
2026-06-26 14:51:02 - HHH000001: Hibernate ORM core version 7.2.7.Final
2026-06-26 14:51:03 - No LoadTimeWeaver setup: ignoring JPA class transformer
2026-06-26 14:51:04 - HHH10001005: Database info:
	Database JDBC URL [jdbc:mysql://localhost:3306/posdb]
	Database driver: MySQL Connector/J
	Database dialect: MySQLDialect
	Database version: 8.0.44
	Default catalog/schema: posdb/undefined
	Autocommit mode: undefined/unknown
	Isolation level: REPEATABLE_READ [default REPEATABLE_READ]
	JDBC fetch size: none
	Pool: DataSourceConnectionProvider
	Minimum pool size: undefined/unknown
	Maximum pool size: undefined/unknown
2026-06-26 14:51:06 - HHH000489: No JTA platform available (set 'hibernate.transaction.jta.platform' to enable JTA platform integration)
2026-06-26 14:51:06 - Initialized JPA EntityManagerFactory for persistence unit 'default'
2026-06-26 14:51:06 - Hibernate is in classpath; If applicable, HQL parser will be used.
2026-06-26 14:51:08 - spring.jpa.open-in-view is enabled by default. Therefore, database queries may be performed during view rendering. Explicitly configure spring.jpa.open-in-view to disable this warning
2026-06-26 14:51:08 - Global AuthenticationManager configured with AuthenticationProvider bean with name authenticationProvider
2026-06-26 14:51:08 - Global AuthenticationManager configured with an AuthenticationProvider bean. UserDetailsService beans will not be used by Spring Security for automatically configuring username/password login. Consider removing the AuthenticationProvider bean. Alternatively, consider using the UserDetailsService in a manually instantiated DaoAuthenticationProvider. If the current configuration is intentional, to turn off this warning, increase the logging level of 'org.springframework.security.config.annotation.authentication.configuration.InitializeUserDetailsBeanManagerConfigurer' to ERROR
2026-06-26 14:51:09 - 206 mappings in 'requestMappingHandlerMapping'
2026-06-26 14:51:09 - Patterns [/webjars/**, /**, /swagger-ui*/*swagger-initializer.js, /swagger-ui*/**] in 'resourceHandlerMapping'
2026-06-26 14:51:09 - ControllerAdvice beans: 0 @ModelAttribute, 0 @InitBinder, 2 RequestBodyAdvice, 1 ResponseBodyAdvice
2026-06-26 14:51:09 - ControllerAdvice beans: 2 @ExceptionHandler, 1 ResponseBodyAdvice
2026-06-26 14:51:09 - MongoClient with metadata {"driver": {"name": "mongo-java-driver|spring-boot|sync", "version": "5.6.4"}, "os": {"type": "Windows", "name": "Windows 11", "architecture": "amd64", "version": "10.0"}, "platform": "Java/OpenLogic/22.0.2+9-adhoc.Administrator.jdk22u"} created with settings MongoClientSettings{readPreference=primary, writeConcern=WriteConcern{w=null, wTimeout=null ms, journal=null}, retryWrites=true, retryReads=true, readConcern=ReadConcern{level=null}, credential=null, transportSettings=null, commandListeners=[], codecRegistry=ProvidersCodecRegistry{codecProviders=[ValueCodecProvider{}, BsonValueCodecProvider{}, DBRefCodecProvider{}, DBObjectCodecProvider{}, DocumentCodecProvider{}, CollectionCodecProvider{}, IterableCodecProvider{}, MapCodecProvider{}, GeoJsonCodecProvider{}, GridFSFileCodecProvider{}, Jsr310CodecProvider{}, JsonObjectCodecProvider{}, BsonCodecProvider{}, com.mongodb.client.model.mql.ExpressionCodecProvider@184d73af, com.mongodb.Jep395RecordCodecProvider@7ef9c234, com.mongodb.KotlinCodecProvider@580581b4, EnumCodecProvider{}]}, loggerSettings=LoggerSettings{maxDocumentLength=1000}, clusterSettings={hosts=[localhost:27017], srvServiceName=mongodb, mode=SINGLE, requiredClusterType=UNKNOWN, requiredReplicaSetName='null', serverSelector='null', clusterListeners='[]', serverSelectionTimeout='30000 ms', localThreshold='15 ms'}, socketSettings=SocketSettings{connectTimeoutMS=10000, readTimeoutMS=0, receiveBufferSize=0, proxySettings=ProxySettings{host=null, port=null, username=null, password=null}}, heartbeatSocketSettings=SocketSettings{connectTimeoutMS=10000, readTimeoutMS=10000, receiveBufferSize=0, proxySettings=ProxySettings{host=null, port=null, username=null, password=null}}, connectionPoolSettings=ConnectionPoolSettings{maxSize=100, minSize=0, maxWaitTimeMS=120000, maxConnectionLifeTimeMS=0, maxConnectionIdleTimeMS=0, maintenanceInitialDelayMS=0, maintenanceFrequencyMS=60000, connectionPoolListeners=[], maxConnecting=2}, serverSettings=ServerSettings{heartbeatFrequencyMS=10000, minHeartbeatFrequencyMS=500, serverMonitoringMode=AUTO, serverListeners='[]', serverMonitorListeners='[]'}, sslSettings=SslSettings{enabled=false, invalidHostNameAllowed=false, context=null}, applicationName='null', compressorList=[], uuidRepresentation=UNSPECIFIED, serverApi=null, autoEncryptionSettings=null, dnsClient=null, inetAddressResolver=null, contextProvider=null, timeoutMS=null}
2026-06-26 14:51:09 - Monitor thread successfully connected to server with description ServerDescription{address=localhost:27017, type=STANDALONE, cryptd=false, state=CONNECTED, ok=true, minWireVersion=0, maxWireVersion=27, maxDocumentSize=16777216, logicalSessionTimeoutMinutes=30, roundTripTimeNanos=44862400, minRoundTripTimeNanos=0}
2026-06-26 14:51:10 - Tomcat started on port 8080 (http) with context path '/'
2026-06-26 14:51:10 - Started PosApplication in 13.833 seconds (process running for 15.12)
2026-06-26 16:26:22 - Commencing graceful shutdown. Waiting for active requests to complete
2026-06-26 16:26:22 - Graceful shutdown complete
2026-06-26 16:26:22 - Closing JPA EntityManagerFactory for persistence unit 'default'
2026-06-26 16:26:28 - Starting PosApplication using Java 22.0.2 with PID 23048 (C:\Users\308331\Desktop\Training\Hacker_Earth\UST-Live-03\POS\target\classes started by 308331 in C:\Users\308331\Desktop\Training\Hacker_Earth\UST-Live-03\POS)
2026-06-26 16:26:28 - No active profile set, falling back to 1 default profile: "default"
2026-06-26 16:26:30 - Bootstrapping Spring Data JPA repositories in DEFAULT mode.
2026-06-26 16:26:31 - Finished Spring Data repository scanning in 235 ms. Found 19 JPA repository interfaces.
2026-06-26 16:26:32 - Tomcat initialized with port 8080 (http)
2026-06-26 16:26:32 - Starting service [Tomcat]
2026-06-26 16:26:32 - Starting Servlet engine: [Apache Tomcat/11.0.20]
2026-06-26 16:26:33 - At least one JAR was scanned for TLDs yet contained no TLDs. Enable debug logging for this logger for a complete list of JARs that were scanned but no TLDs were found in them. Skipping unneeded JARs during scanning can improve startup time and JSP compilation time.
2026-06-26 16:26:33 - Root WebApplicationContext: initialization completed in 3979 ms
2026-06-26 16:26:33 - HHH008540: Processing PersistenceUnitInfo [name: default]
2026-06-26 16:26:33 - HHH000001: Hibernate ORM core version 7.2.7.Final
2026-06-26 16:26:34 - No LoadTimeWeaver setup: ignoring JPA class transformer
2026-06-26 16:26:34 - HHH10001005: Database info:
	Database JDBC URL [jdbc:mysql://localhost:3306/posdb]
	Database driver: MySQL Connector/J
	Database dialect: MySQLDialect
	Database version: 8.0.44
	Default catalog/schema: posdb/undefined
	Autocommit mode: undefined/unknown
	Isolation level: REPEATABLE_READ [default REPEATABLE_READ]
	JDBC fetch size: none
	Pool: DataSourceConnectionProvider
	Minimum pool size: undefined/unknown
	Maximum pool size: undefined/unknown
2026-06-26 16:26:36 - HHH000489: No JTA platform available (set 'hibernate.transaction.jta.platform' to enable JTA platform integration)
2026-06-26 16:26:36 - Initialized JPA EntityManagerFactory for persistence unit 'default'
2026-06-26 16:26:36 - Hibernate is in classpath; If applicable, HQL parser will be used.
2026-06-26 16:26:38 - spring.jpa.open-in-view is enabled by default. Therefore, database queries may be performed during view rendering. Explicitly configure spring.jpa.open-in-view to disable this warning
2026-06-26 16:26:38 - Global AuthenticationManager configured with AuthenticationProvider bean with name authenticationProvider
2026-06-26 16:26:38 - Global AuthenticationManager configured with an AuthenticationProvider bean. UserDetailsService beans will not be used by Spring Security for automatically configuring username/password login. Consider removing the AuthenticationProvider bean. Alternatively, consider using the UserDetailsService in a manually instantiated DaoAuthenticationProvider. If the current configuration is intentional, to turn off this warning, increase the logging level of 'org.springframework.security.config.annotation.authentication.configuration.InitializeUserDetailsBeanManagerConfigurer' to ERROR
2026-06-26 16:26:38 - 206 mappings in 'requestMappingHandlerMapping'
2026-06-26 16:26:39 - Patterns [/webjars/**, /**, /swagger-ui*/*swagger-initializer.js, /swagger-ui*/**] in 'resourceHandlerMapping'
2026-06-26 16:26:39 - ControllerAdvice beans: 0 @ModelAttribute, 0 @InitBinder, 2 RequestBodyAdvice, 1 ResponseBodyAdvice
2026-06-26 16:26:39 - ControllerAdvice beans: 2 @ExceptionHandler, 1 ResponseBodyAdvice
2026-06-26 16:26:39 - MongoClient with metadata {"driver": {"name": "mongo-java-driver|spring-boot|sync", "version": "5.6.4"}, "os": {"type": "Windows", "name": "Windows 11", "architecture": "amd64", "version": "10.0"}, "platform": "Java/OpenLogic/22.0.2+9-adhoc.Administrator.jdk22u"} created with settings MongoClientSettings{readPreference=primary, writeConcern=WriteConcern{w=null, wTimeout=null ms, journal=null}, retryWrites=true, retryReads=true, readConcern=ReadConcern{level=null}, credential=null, transportSettings=null, commandListeners=[], codecRegistry=ProvidersCodecRegistry{codecProviders=[ValueCodecProvider{}, BsonValueCodecProvider{}, DBRefCodecProvider{}, DBObjectCodecProvider{}, DocumentCodecProvider{}, CollectionCodecProvider{}, IterableCodecProvider{}, MapCodecProvider{}, GeoJsonCodecProvider{}, GridFSFileCodecProvider{}, Jsr310CodecProvider{}, JsonObjectCodecProvider{}, BsonCodecProvider{}, com.mongodb.client.model.mql.ExpressionCodecProvider@e8acdfc, com.mongodb.Jep395RecordCodecProvider@1e680c92, com.mongodb.KotlinCodecProvider@ef64a8f, EnumCodecProvider{}]}, loggerSettings=LoggerSettings{maxDocumentLength=1000}, clusterSettings={hosts=[localhost:27017], srvServiceName=mongodb, mode=SINGLE, requiredClusterType=UNKNOWN, requiredReplicaSetName='null', serverSelector='null', clusterListeners='[]', serverSelectionTimeout='30000 ms', localThreshold='15 ms'}, socketSettings=SocketSettings{connectTimeoutMS=10000, readTimeoutMS=0, receiveBufferSize=0, proxySettings=ProxySettings{host=null, port=null, username=null, password=null}}, heartbeatSocketSettings=SocketSettings{connectTimeoutMS=10000, readTimeoutMS=10000, receiveBufferSize=0, proxySettings=ProxySettings{host=null, port=null, username=null, password=null}}, connectionPoolSettings=ConnectionPoolSettings{maxSize=100, minSize=0, maxWaitTimeMS=120000, maxConnectionLifeTimeMS=0, maxConnectionIdleTimeMS=0, maintenanceInitialDelayMS=0, maintenanceFrequencyMS=60000, connectionPoolListeners=[], maxConnecting=2}, serverSettings=ServerSettings{heartbeatFrequencyMS=10000, minHeartbeatFrequencyMS=500, serverMonitoringMode=AUTO, serverListeners='[]', serverMonitorListeners='[]'}, sslSettings=SslSettings{enabled=false, invalidHostNameAllowed=false, context=null}, applicationName='null', compressorList=[], uuidRepresentation=UNSPECIFIED, serverApi=null, autoEncryptionSettings=null, dnsClient=null, inetAddressResolver=null, contextProvider=null, timeoutMS=null}
2026-06-26 16:26:39 - Monitor thread successfully connected to server with description ServerDescription{address=localhost:27017, type=STANDALONE, cryptd=false, state=CONNECTED, ok=true, minWireVersion=0, maxWireVersion=27, maxDocumentSize=16777216, logicalSessionTimeoutMinutes=30, roundTripTimeNanos=28633700, minRoundTripTimeNanos=0}
2026-06-26 16:26:39 - Tomcat started on port 8080 (http) with context path '/'
2026-06-26 16:26:39 - Started PosApplication in 11.749 seconds (process running for 12.878)
2026-06-26 16:27:30 - Initializing Spring DispatcherServlet 'dispatcherServlet'
2026-06-26 16:27:30 - Initializing Servlet 'dispatcherServlet'
2026-06-26 16:27:30 - Detected StandardServletMultipartResolver
2026-06-26 16:27:30 - Detected AcceptHeaderLocaleResolver
2026-06-26 16:27:30 - Detected org.springframework.web.servlet.view.DefaultRequestToViewNameTranslator@698c19ef
2026-06-26 16:27:30 - Detected org.springframework.web.servlet.support.SessionFlashMapManager@3ee39a1c
2026-06-26 16:27:30 - enableLoggingRequestDetails='false': request parameters and headers will be masked to prevent unsafe logging of potentially sensitive data
2026-06-26 16:27:30 - Completed initialization in 38 ms
2026-06-26 16:27:30 - POST "/api/authenticate", parameters={}
2026-06-26 16:27:31 - Mapped to com.ust.pos.api.TokenGenerationController#authenticate(UserDto)
2026-06-26 16:27:31 - Read "application/json;charset=UTF-8" to [PaginationDto(page=0, sizePerPage=0, sortDirection=DESC, sortField=identifier, totalPages=0, totalRe (truncated)...]
2026-06-26 16:27:34 - Using 'application/json', given [application/json, text/plain, */*] and supported [application/json, application/*+json, application/yaml]
2026-06-26 16:27:34 - Writing [PaginationDto(page=0, sizePerPage=0, sortDirection=DESC, sortField=identifier, totalPages=0, totalRe (truncated)...]
2026-06-26 16:27:34 - Completed 200 OK
2026-06-26 16:27:35 - GET "/api/node/roles", parameters={}
2026-06-26 16:27:35 - Mapped to com.ust.pos.api.node.NodeApiController#getNodesForRoles()
2026-06-26 16:27:35 - GET "/api/user/get?username=yesh%40gmail.com", parameters={masked}
2026-06-26 16:27:35 - Mapped to com.ust.pos.api.user.UserApiController#update(String)
2026-06-26 16:27:35 - Using 'application/json', given [application/json, text/plain, */*] and supported [application/json, application/*+json, application/yaml]
2026-06-26 16:27:35 - Writing [PaginationDto(page=0, sizePerPage=0, sortDirection=DESC, sortField=identifier, totalPages=0, totalRe (truncated)...]
2026-06-26 16:27:35 - Completed 200 OK
2026-06-26 16:27:35 - GET "/api/user/get?username=yesh%40gmail.com", parameters={masked}
2026-06-26 16:27:35 - Mapped to com.ust.pos.api.user.UserApiController#update(String)
2026-06-26 16:27:35 - Using 'application/json', given [application/json, text/plain, */*] and supported [application/json, application/*+json, application/yaml]
2026-06-26 16:27:35 - Writing [PaginationDto(page=0, sizePerPage=0, sortDirection=DESC, sortField=identifier, totalPages=0, totalRe (truncated)...]
2026-06-26 16:27:35 - Completed 200 OK
2026-06-26 16:27:35 - Using 'application/json', given [application/json, text/plain, */*] and supported [application/json, application/*+json, application/yaml]
2026-06-26 16:27:35 - Writing [[PaginationDto(page=0, sizePerPage=0, sortDirection=DESC, sortField=identifier, totalPages=0, totalR (truncated)...]
2026-06-26 16:27:35 - Completed 200 OK
2026-06-26 16:27:35 - GET "/api/node/roles", parameters={}
2026-06-26 16:27:35 - Mapped to com.ust.pos.api.node.NodeApiController#getNodesForRoles()
2026-06-26 16:27:36 - Using 'application/json', given [application/json, text/plain, */*] and supported [application/json, application/*+json, application/yaml]
2026-06-26 16:27:36 - Writing [[PaginationDto(page=0, sizePerPage=0, sortDirection=DESC, sortField=identifier, totalPages=0, totalR (truncated)...]
2026-06-26 16:27:36 - Completed 200 OK
2026-06-26 16:27:39 - POST "/api/customer/list", parameters={}
2026-06-26 16:27:39 - POST "/api/customer/list", parameters={}
2026-06-26 16:27:39 - Mapped to com.ust.pos.api.customer.CustomerApiController#home(PaginationDto)
2026-06-26 16:27:39 - Mapped to com.ust.pos.api.customer.CustomerApiController#home(PaginationDto)
2026-06-26 16:27:39 - Read "application/json;charset=UTF-8" to [PaginationDto(page=0, sizePerPage=5, sortDirection=DESC, sortField=identifier, totalPages=0, totalRe (truncated)...]
2026-06-26 16:27:39 - Read "application/json;charset=UTF-8" to [PaginationDto(page=0, sizePerPage=5, sortDirection=DESC, sortField=identifier, totalPages=0, totalRe (truncated)...]
2026-06-26 16:27:39 - Using 'application/json', given [application/json, text/plain, */*] and supported [application/json, application/*+json, application/yaml]
2026-06-26 16:27:39 - Writing [PaginationDto(page=0, sizePerPage=5, sortDirection=DESC, sortField=identifier, totalPages=1, totalRe (truncated)...]
2026-06-26 16:27:39 - Using 'application/json', given [application/json, text/plain, */*] and supported [application/json, application/*+json, application/yaml]
2026-06-26 16:27:39 - Writing [PaginationDto(page=0, sizePerPage=5, sortDirection=DESC, sortField=identifier, totalPages=1, totalRe (truncated)...]
2026-06-26 16:27:39 - Completed 200 OK
2026-06-26 16:27:39 - Completed 200 OK
2026-06-26 16:27:45 - POST "/api/user/list", parameters={}
2026-06-26 16:27:45 - GET "/api/role/list", parameters={}
2026-06-26 16:27:45 - Mapped to com.ust.pos.api.role.RoleApiController#home()
2026-06-26 16:27:45 - Mapped to com.ust.pos.api.user.UserApiController#home(PaginationDto)
2026-06-26 16:27:45 - POST "/api/user/list", parameters={}
2026-06-26 16:27:45 - Mapped to com.ust.pos.api.user.UserApiController#home(PaginationDto)
2026-06-26 16:27:45 - Read "application/json;charset=UTF-8" to [PaginationDto(page=0, sizePerPage=5, sortDirection=DESC, sortField=name, totalPages=0, totalRecords= (truncated)...]
2026-06-26 16:27:45 - Read "application/json;charset=UTF-8" to [PaginationDto(page=0, sizePerPage=5, sortDirection=DESC, sortField=name, totalPages=0, totalRecords= (truncated)...]
2026-06-26 16:27:45 - Using 'application/json', given [application/json, text/plain, */*] and supported [application/json, application/*+json, application/yaml]
2026-06-26 16:27:45 - Using 'application/json', given [application/json, text/plain, */*] and supported [application/json, application/*+json, application/yaml]
2026-06-26 16:27:45 - Writing [PaginationDto(page=0, sizePerPage=5, sortDirection=DESC, sortField=identifier, totalPages=2, totalRe (truncated)...]
2026-06-26 16:27:45 - Writing [[PaginationDto(page=0, sizePerPage=0, sortDirection=DESC, sortField=identifier, totalPages=0, totalR (truncated)...]
2026-06-26 16:27:45 - Using 'application/json', given [application/json, text/plain, */*] and supported [application/json, application/*+json, application/yaml]
2026-06-26 16:27:45 - Writing [PaginationDto(page=0, sizePerPage=5, sortDirection=DESC, sortField=identifier, totalPages=2, totalRe (truncated)...]
2026-06-26 16:27:45 - Completed 200 OK
2026-06-26 16:27:45 - Completed 200 OK
2026-06-26 16:27:45 - Completed 200 OK
2026-06-26 16:27:46 - GET "/api/role/list", parameters={}
2026-06-26 16:27:46 - Mapped to com.ust.pos.api.role.RoleApiController#home()
2026-06-26 16:27:46 - Using 'application/json', given [application/json, text/plain, */*] and supported [application/json, application/*+json, application/yaml]
2026-06-26 16:27:46 - Writing [[PaginationDto(page=0, sizePerPage=0, sortDirection=DESC, sortField=identifier, totalPages=0, totalR (truncated)...]
2026-06-26 16:27:46 - Completed 200 OK
2026-06-26 16:28:41 - POST "/api/category/list", parameters={}
2026-06-26 16:28:41 - GET "/api/category/list", parameters={}
2026-06-26 16:28:41 - Mapped to com.ust.pos.api.category.CategoryApiController#home(PaginationDto)
2026-06-26 16:28:41 - Mapped to com.ust.pos.api.category.CategoryApiController#home()
2026-06-26 16:28:41 - Read "application/json;charset=UTF-8" to [PaginationDto(page=0, sizePerPage=5, sortDirection=DESC, sortField=identifier, totalPages=0, totalRe (truncated)...]
2026-06-26 16:28:41 - POST "/api/category/list", parameters={}
2026-06-26 16:28:41 - Mapped to com.ust.pos.api.category.CategoryApiController#home(PaginationDto)
2026-06-26 16:28:41 - Read "application/json;charset=UTF-8" to [PaginationDto(page=0, sizePerPage=5, sortDirection=DESC, sortField=identifier, totalPages=0, totalRe (truncated)...]
2026-06-26 16:28:41 - Using 'application/json', given [application/json, text/plain, */*] and supported [application/json, application/*+json, application/yaml]
2026-06-26 16:28:41 - Using 'application/json', given [application/json, text/plain, */*] and supported [application/json, application/*+json, application/yaml]
2026-06-26 16:28:41 - Writing [PaginationDto(page=0, sizePerPage=5, sortDirection=DESC, sortField=identifier, totalPages=3, totalRe (truncated)...]
2026-06-26 16:28:41 - Writing [[PaginationDto(page=0, sizePerPage=0, sortDirection=DESC, sortField=identifier, totalPages=0, totalR (truncated)...]
2026-06-26 16:28:41 - Completed 200 OK
2026-06-26 16:28:41 - Completed 200 OK
2026-06-26 16:28:41 - Using 'application/json', given [application/json, text/plain, */*] and supported [application/json, application/*+json, application/yaml]
2026-06-26 16:28:41 - Writing [PaginationDto(page=0, sizePerPage=5, sortDirection=DESC, sortField=identifier, totalPages=3, totalRe (truncated)...]
2026-06-26 16:28:41 - Completed 200 OK
2026-06-26 16:28:41 - GET "/api/category/list", parameters={}
2026-06-26 16:28:41 - Mapped to com.ust.pos.api.category.CategoryApiController#home()
2026-06-26 16:28:41 - Using 'application/json', given [application/json, text/plain, */*] and supported [application/json, application/*+json, application/yaml]
2026-06-26 16:28:41 - Writing [[PaginationDto(page=0, sizePerPage=0, sortDirection=DESC, sortField=identifier, totalPages=0, totalR (truncated)...]
2026-06-26 16:28:41 - Completed 200 OK
2026-06-26 16:36:24 - POST "/api/category/list", parameters={}
2026-06-26 16:36:24 - GET "/api/category/list", parameters={}
2026-06-26 16:36:24 - Mapped to com.ust.pos.api.category.CategoryApiController#home(PaginationDto)
2026-06-26 16:36:24 - Mapped to com.ust.pos.api.category.CategoryApiController#home()
2026-06-26 16:36:24 - GET "/api/node/roles", parameters={}
2026-06-26 16:36:24 - Mapped to com.ust.pos.api.node.NodeApiController#getNodesForRoles()
2026-06-26 16:36:24 - Read "application/json;charset=UTF-8" to [PaginationDto(page=0, sizePerPage=5, sortDirection=DESC, sortField=identifier, totalPages=0, totalRe (truncated)...]
2026-06-26 16:36:24 - Using 'application/json', given [application/json, text/plain, */*] and supported [application/json, application/*+json, application/yaml]
2026-06-26 16:36:24 - Writing [[PaginationDto(page=0, sizePerPage=0, sortDirection=DESC, sortField=identifier, totalPages=0, totalR (truncated)...]
2026-06-26 16:36:24 - Completed 200 OK
2026-06-26 16:36:24 - Using 'application/json', given [application/json, text/plain, */*] and supported [application/json, application/*+json, application/yaml]
2026-06-26 16:36:24 - Writing [PaginationDto(page=0, sizePerPage=5, sortDirection=DESC, sortField=identifier, totalPages=3, totalRe (truncated)...]
2026-06-26 16:36:24 - Completed 200 OK
2026-06-26 16:36:24 - Using 'application/json', given [application/json, text/plain, */*] and supported [application/json, application/*+json, application/yaml]
2026-06-26 16:36:24 - Writing [[PaginationDto(page=0, sizePerPage=0, sortDirection=DESC, sortField=identifier, totalPages=0, totalR (truncated)...]
2026-06-26 16:36:24 - Completed 200 OK
2026-06-26 16:36:50 - POST "/api/role/list", parameters={}
2026-06-26 16:36:50 - POST "/api/role/list", parameters={}
2026-06-26 16:36:50 - Mapped to com.ust.pos.api.role.RoleApiController#home(PaginationDto)
2026-06-26 16:36:50 - Mapped to com.ust.pos.api.role.RoleApiController#home(PaginationDto)
2026-06-26 16:36:50 - Read "application/json;charset=UTF-8" to [PaginationDto(page=0, sizePerPage=5, sortDirection=DESC, sortField=identifier, totalPages=0, totalRe (truncated)...]
2026-06-26 16:36:50 - Read "application/json;charset=UTF-8" to [PaginationDto(page=0, sizePerPage=5, sortDirection=DESC, sortField=identifier, totalPages=0, totalRe (truncated)...]
2026-06-26 16:36:51 - Using 'application/json', given [application/json, text/plain, */*] and supported [application/json, application/*+json, application/yaml]
2026-06-26 16:36:51 - Using 'application/json', given [application/json, text/plain, */*] and supported [application/json, application/*+json, application/yaml]
2026-06-26 16:36:51 - Writing [PaginationDto(page=0, sizePerPage=5, sortDirection=DESC, sortField=identifier, totalPages=2, totalRe (truncated)...]
2026-06-26 16:36:51 - Writing [PaginationDto(page=0, sizePerPage=5, sortDirection=DESC, sortField=identifier, totalPages=2, totalRe (truncated)...]
2026-06-26 16:36:51 - Completed 200 OK
2026-06-26 16:36:51 - Completed 200 OK
2026-06-26 16:42:19 - GET "/api/category/list", parameters={}
2026-06-26 16:42:19 - Mapped to com.ust.pos.api.category.CategoryApiController#home()
2026-06-26 16:42:19 - POST "/api/produc/list", parameters={}
2026-06-26 16:42:19 - POST "/api/produc/list", parameters={}
2026-06-26 16:42:19 - Mapped to ResourceHttpRequestHandler [classpath [META-INF/resources/], classpath [resources/], classpath [static/], classpath [public/], ServletContext [/]]
2026-06-26 16:42:19 - Mapped to ResourceHttpRequestHandler [classpath [META-INF/resources/], classpath [resources/], classpath [static/], classpath [public/], ServletContext [/]]
2026-06-26 16:42:19 - Skip: no CORS configuration has been provided
2026-06-26 16:42:19 - Skip: no CORS configuration has been provided
2026-06-26 16:42:19 - Resource not found
2026-06-26 16:42:19 - Resource not found
2026-06-26 16:42:19 - Using @ExceptionHandler com.ust.pos.exception.GlobalExceptionHandler#handleGeneric(Exception, HttpServletRequest)
2026-06-26 16:42:19 - Using @ExceptionHandler com.ust.pos.exception.GlobalExceptionHandler#handleGeneric(Exception, HttpServletRequest)
2026-06-26 16:42:19 - Using 'application/json', given [application/json, text/plain, */*] and supported [application/json, application/*+json, application/yaml]
2026-06-26 16:42:19 - Writing [[PaginationDto(page=0, sizePerPage=0, sortDirection=DESC, sortField=identifier, totalPages=0, totalR (truncated)...]
2026-06-26 16:42:19 - Completed 200 OK
2026-06-26 16:42:19 - Unhandled exception occurred
org.springframework.web.servlet.resource.NoResourceFoundException: No static resource api/produc/list for request '/api/produc/list'.
	at org.springframework.web.servlet.resource.ResourceHttpRequestHandler.handleRequest(ResourceHttpRequestHandler.java:527)
	at org.springframework.web.servlet.mvc.HttpRequestHandlerAdapter.handle(HttpRequestHandlerAdapter.java:50)
	at org.springframework.web.servlet.DispatcherServlet.doDispatch(DispatcherServlet.java:963)
	at org.springframework.web.servlet.DispatcherServlet.doService(DispatcherServlet.java:866)
	at org.springframework.web.servlet.FrameworkServlet.processRequest(FrameworkServlet.java:1000)
	at org.springframework.web.servlet.FrameworkServlet.doPost(FrameworkServlet.java:903)
	at jakarta.servlet.http.HttpServlet.service(HttpServlet.java:649)
	at org.springframework.web.servlet.FrameworkServlet.service(FrameworkServlet.java:874)
	at jakarta.servlet.http.HttpServlet.service(HttpServlet.java:710)
	at org.apache.catalina.core.ApplicationFilterChain.doFilter(ApplicationFilterChain.java:128)
	at org.apache.tomcat.websocket.server.WsFilter.doFilter(WsFilter.java:53)
	at org.apache.catalina.core.ApplicationFilterChain.doFilter(ApplicationFilterChain.java:107)
	at org.springframework.web.filter.OncePerRequestFilter.doFilter(OncePerRequestFilter.java:110)
	at org.apache.catalina.core.ApplicationFilterChain.doFilter(ApplicationFilterChain.java:107)
	at org.springframework.web.filter.CompositeFilter$VirtualFilterChain.doFilter(CompositeFilter.java:108)
	at org.springframework.security.web.FilterChainProxy.lambda$doFilterInternal$3(FilterChainProxy.java:235)
	at org.springframework.security.web.FilterChainProxy$VirtualFilterChain.doFilter(FilterChainProxy.java:371)
	at org.springframework.security.web.access.intercept.AuthorizationFilter.doFilter(AuthorizationFilter.java:101)
	at org.springframework.security.web.FilterChainProxy$VirtualFilterChain.doFilter(FilterChainProxy.java:380)
	at org.springframework.security.web.access.ExceptionTranslationFilter.doFilter(ExceptionTranslationFilter.java:126)
	at org.springframework.security.web.access.ExceptionTranslationFilter.doFilter(ExceptionTranslationFilter.java:120)
	at org.springframework.security.web.FilterChainProxy$VirtualFilterChain.doFilter(FilterChainProxy.java:380)
	at org.springframework.security.web.session.SessionManagementFilter.doFilter(SessionManagementFilter.java:132)
	at org.springframework.security.web.session.SessionManagementFilter.doFilter(SessionManagementFilter.java:86)
	at org.springframework.security.web.FilterChainProxy$VirtualFilterChain.doFilter(FilterChainProxy.java:380)
	at org.springframework.security.web.authentication.AnonymousAuthenticationFilter.doFilter(AnonymousAuthenticationFilter.java:100)
	at org.springframework.security.web.FilterChainProxy$VirtualFilterChain.doFilter(FilterChainProxy.java:380)
	at org.springframework.security.web.servletapi.SecurityContextHolderAwareRequestFilter.doFilter(SecurityContextHolderAwareRequestFilter.java:181)
	at org.springframework.security.web.FilterChainProxy$VirtualFilterChain.doFilter(FilterChainProxy.java:380)
	at org.springframework.security.web.savedrequest.RequestCacheAwareFilter.doFilter(RequestCacheAwareFilter.java:63)
	at org.springframework.security.web.FilterChainProxy$VirtualFilterChain.doFilter(FilterChainProxy.java:380)
	at com.ust.pos.config.JwtFilter.doFilterInternal(JwtFilter.java:49)
	at org.springframework.web.filter.OncePerRequestFilter.doFilter(OncePerRequestFilter.java:116)
	at org.springframework.security.web.FilterChainProxy$VirtualFilterChain.doFilter(FilterChainProxy.java:380)
	at org.springframework.security.web.authentication.logout.LogoutFilter.doFilter(LogoutFilter.java:110)
	at org.springframework.security.web.authentication.logout.LogoutFilter.doFilter(LogoutFilter.java:96)
	at org.springframework.security.web.FilterChainProxy$VirtualFilterChain.doFilter(FilterChainProxy.java:380)
	at org.springframework.web.filter.CorsFilter.doFilterInternal(CorsFilter.java:91)
	at org.springframework.web.filter.OncePerRequestFilter.doFilter(OncePerRequestFilter.java:116)
	at org.springframework.security.web.FilterChainProxy$VirtualFilterChain.doFilter(FilterChainProxy.java:380)
	at org.springframework.security.web.header.HeaderWriterFilter.doHeadersAfter(HeaderWriterFilter.java:90)
	at org.springframework.security.web.header.HeaderWriterFilter.doFilterInternal(HeaderWriterFilter.java:75)
	at org.springframework.web.filter.OncePerRequestFilter.doFilter(OncePerRequestFilter.java:116)
	at org.springframework.security.web.FilterChainProxy$VirtualFilterChain.doFilter(FilterChainProxy.java:380)
	at org.springframework.security.web.context.SecurityContextHolderFilter.doFilter(SecurityContextHolderFilter.java:82)
	at org.springframework.security.web.context.SecurityContextHolderFilter.doFilter(SecurityContextHolderFilter.java:69)
	at org.springframework.security.web.FilterChainProxy$VirtualFilterChain.doFilter(FilterChainProxy.java:380)
	at org.springframework.security.web.context.request.async.WebAsyncManagerIntegrationFilter.doFilterInternal(WebAsyncManagerIntegrationFilter.java:62)
	at org.springframework.web.filter.OncePerRequestFilter.doFilter(OncePerRequestFilter.java:116)
	at org.springframework.security.web.FilterChainProxy$VirtualFilterChain.doFilter(FilterChainProxy.java:380)
	at org.springframework.security.web.session.DisableEncodeUrlFilter.doFilterInternal(DisableEncodeUrlFilter.java:42)
	at org.springframework.web.filter.OncePerRequestFilter.doFilter(OncePerRequestFilter.java:116)
	at org.springframework.security.web.FilterChainProxy$VirtualFilterChain.doFilter(FilterChainProxy.java:380)
	at org.springframework.security.web.FilterChainProxy.doFilterInternal(FilterChainProxy.java:237)
	at org.springframework.security.web.FilterChainProxy.doFilter(FilterChainProxy.java:195)
	at org.springframework.web.filter.CompositeFilter$VirtualFilterChain.doFilter(CompositeFilter.java:113)
	at org.springframework.web.filter.ServletRequestPathFilter.doFilter(ServletRequestPathFilter.java:52)
	at org.springframework.web.filter.CompositeFilter$VirtualFilterChain.doFilter(CompositeFilter.java:113)
	at org.springframework.web.filter.CompositeFilter.doFilter(CompositeFilter.java:74)
	at org.springframework.security.config.annotation.web.configuration.WebSecurityConfiguration$CompositeFilterChainProxy.doFilter(WebSecurityConfiguration.java:317)
	at org.springframework.web.filter.DelegatingFilterProxy.invokeDelegate(DelegatingFilterProxy.java:355)
	at org.springframework.web.filter.DelegatingFilterProxy.doFilter(DelegatingFilterProxy.java:272)
	at org.apache.catalina.core.ApplicationFilterChain.doFilter(ApplicationFilterChain.java:107)
	at org.springframework.web.filter.RequestContextFilter.doFilterInternal(RequestContextFilter.java:100)
	at org.springframework.web.filter.OncePerRequestFilter.doFilter(OncePerRequestFilter.java:116)
	at org.apache.catalina.core.ApplicationFilterChain.doFilter(ApplicationFilterChain.java:107)
	at org.springframework.web.filter.FormContentFilter.doFilterInternal(FormContentFilter.java:93)
	at org.springframework.web.filter.OncePerRequestFilter.doFilter(OncePerRequestFilter.java:116)
	at org.apache.catalina.core.ApplicationFilterChain.doFilter(ApplicationFilterChain.java:107)
	at org.springframework.web.filter.CharacterEncodingFilter.doFilterInternal(CharacterEncodingFilter.java:199)
	at org.springframework.web.filter.OncePerRequestFilter.doFilter(OncePerRequestFilter.java:116)
	at org.apache.catalina.core.ApplicationFilterChain.doFilter(ApplicationFilterChain.java:107)
	at org.apache.catalina.core.StandardWrapperValve.invoke(StandardWrapperValve.java:165)
	at org.apache.catalina.core.StandardContextValve.invoke(StandardContextValve.java:77)
	at org.apache.catalina.authenticator.AuthenticatorBase.invoke(AuthenticatorBase.java:492)
	at org.apache.catalina.core.StandardHostValve.invoke(StandardHostValve.java:113)
	at org.apache.catalina.valves.ErrorReportValve.invoke(ErrorReportValve.java:83)
	at org.apache.catalina.core.StandardEngineValve.invoke(StandardEngineValve.java:72)
	at org.apache.catalina.connector.CoyoteAdapter.service(CoyoteAdapter.java:341)
	at org.apache.coyote.http11.Http11Processor.service(Http11Processor.java:397)
	at org.apache.coyote.AbstractProcessorLight.process(AbstractProcessorLight.java:63)
	at org.apache.coyote.AbstractProtocol$ConnectionHandler.process(AbstractProtocol.java:903)
	at org.apache.tomcat.util.net.NioEndpoint$SocketProcessor.doRun(NioEndpoint.java:1779)
	at org.apache.tomcat.util.net.SocketProcessorBase.run(SocketProcessorBase.java:52)
	at org.apache.tomcat.util.threads.ThreadPoolExecutor.runWorker(ThreadPoolExecutor.java:946)
	at org.apache.tomcat.util.threads.ThreadPoolExecutor$Worker.run(ThreadPoolExecutor.java:480)
	at org.apache.tomcat.util.threads.TaskThread$WrappingRunnable.run(TaskThread.java:57)
	at java.base/java.lang.Thread.run(Unknown Source)
2026-06-26 16:42:19 - Unhandled exception occurred
org.springframework.web.servlet.resource.NoResourceFoundException: No static resource api/produc/list for request '/api/produc/list'.
	at org.springframework.web.servlet.resource.ResourceHttpRequestHandler.handleRequest(ResourceHttpRequestHandler.java:527)
	at org.springframework.web.servlet.mvc.HttpRequestHandlerAdapter.handle(HttpRequestHandlerAdapter.java:50)
	at org.springframework.web.servlet.DispatcherServlet.doDispatch(DispatcherServlet.java:963)
	at org.springframework.web.servlet.DispatcherServlet.doService(DispatcherServlet.java:866)
	at org.springframework.web.servlet.FrameworkServlet.processRequest(FrameworkServlet.java:1000)
	at org.springframework.web.servlet.FrameworkServlet.doPost(FrameworkServlet.java:903)
	at jakarta.servlet.http.HttpServlet.service(HttpServlet.java:649)
	at org.springframework.web.servlet.FrameworkServlet.service(FrameworkServlet.java:874)
	at jakarta.servlet.http.HttpServlet.service(HttpServlet.java:710)
	at org.apache.catalina.core.ApplicationFilterChain.doFilter(ApplicationFilterChain.java:128)
	at org.apache.tomcat.websocket.server.WsFilter.doFilter(WsFilter.java:53)
	at org.apache.catalina.core.ApplicationFilterChain.doFilter(ApplicationFilterChain.java:107)
	at org.springframework.web.filter.OncePerRequestFilter.doFilter(OncePerRequestFilter.java:110)
	at org.apache.catalina.core.ApplicationFilterChain.doFilter(ApplicationFilterChain.java:107)
	at org.springframework.web.filter.CompositeFilter$VirtualFilterChain.doFilter(CompositeFilter.java:108)
	at org.springframework.security.web.FilterChainProxy.lambda$doFilterInternal$3(FilterChainProxy.java:235)
	at org.springframework.security.web.FilterChainProxy$VirtualFilterChain.doFilter(FilterChainProxy.java:371)
	at org.springframework.security.web.access.intercept.AuthorizationFilter.doFilter(AuthorizationFilter.java:101)
	at org.springframework.security.web.FilterChainProxy$VirtualFilterChain.doFilter(FilterChainProxy.java:380)
	at org.springframework.security.web.access.ExceptionTranslationFilter.doFilter(ExceptionTranslationFilter.java:126)
	at org.springframework.security.web.access.ExceptionTranslationFilter.doFilter(ExceptionTranslationFilter.java:120)
	at org.springframework.security.web.FilterChainProxy$VirtualFilterChain.doFilter(FilterChainProxy.java:380)
	at org.springframework.security.web.session.SessionManagementFilter.doFilter(SessionManagementFilter.java:132)
	at org.springframework.security.web.session.SessionManagementFilter.doFilter(SessionManagementFilter.java:86)
	at org.springframework.security.web.FilterChainProxy$VirtualFilterChain.doFilter(FilterChainProxy.java:380)
	at org.springframework.security.web.authentication.AnonymousAuthenticationFilter.doFilter(AnonymousAuthenticationFilter.java:100)
	at org.springframework.security.web.FilterChainProxy$VirtualFilterChain.doFilter(FilterChainProxy.java:380)
	at org.springframework.security.web.servletapi.SecurityContextHolderAwareRequestFilter.doFilter(SecurityContextHolderAwareRequestFilter.java:181)
	at org.springframework.security.web.FilterChainProxy$VirtualFilterChain.doFilter(FilterChainProxy.java:380)
	at org.springframework.security.web.savedrequest.RequestCacheAwareFilter.doFilter(RequestCacheAwareFilter.java:63)
	at org.springframework.security.web.FilterChainProxy$VirtualFilterChain.doFilter(FilterChainProxy.java:380)
	at com.ust.pos.config.JwtFilter.doFilterInternal(JwtFilter.java:49)
	at org.springframework.web.filter.OncePerRequestFilter.doFilter(OncePerRequestFilter.java:116)
	at org.springframework.security.web.FilterChainProxy$VirtualFilterChain.doFilter(FilterChainProxy.java:380)
	at org.springframework.security.web.authentication.logout.LogoutFilter.doFilter(LogoutFilter.java:110)
	at org.springframework.security.web.authentication.logout.LogoutFilter.doFilter(LogoutFilter.java:96)
	at org.springframework.security.web.FilterChainProxy$VirtualFilterChain.doFilter(FilterChainProxy.java:380)
	at org.springframework.web.filter.CorsFilter.doFilterInternal(CorsFilter.java:91)
	at org.springframework.web.filter.OncePerRequestFilter.doFilter(OncePerRequestFilter.java:116)
	at org.springframework.security.web.FilterChainProxy$VirtualFilterChain.doFilter(FilterChainProxy.java:380)
	at org.springframework.security.web.header.HeaderWriterFilter.doHeadersAfter(HeaderWriterFilter.java:90)
	at org.springframework.security.web.header.HeaderWriterFilter.doFilterInternal(HeaderWriterFilter.java:75)
	at org.springframework.web.filter.OncePerRequestFilter.doFilter(OncePerRequestFilter.java:116)
	at org.springframework.security.web.FilterChainProxy$VirtualFilterChain.doFilter(FilterChainProxy.java:380)
	at org.springframework.security.web.context.SecurityContextHolderFilter.doFilter(SecurityContextHolderFilter.java:82)
	at org.springframework.security.web.context.SecurityContextHolderFilter.doFilter(SecurityContextHolderFilter.java:69)
	at org.springframework.security.web.FilterChainProxy$VirtualFilterChain.doFilter(FilterChainProxy.java:380)
	at org.springframework.security.web.context.request.async.WebAsyncManagerIntegrationFilter.doFilterInternal(WebAsyncManagerIntegrationFilter.java:62)
	at org.springframework.web.filter.OncePerRequestFilter.doFilter(OncePerRequestFilter.java:116)
	at org.springframework.security.web.FilterChainProxy$VirtualFilterChain.doFilter(FilterChainProxy.java:380)
	at org.springframework.security.web.session.DisableEncodeUrlFilter.doFilterInternal(DisableEncodeUrlFilter.java:42)
	at org.springframework.web.filter.OncePerRequestFilter.doFilter(OncePerRequestFilter.java:116)
	at org.springframework.security.web.FilterChainProxy$VirtualFilterChain.doFilter(FilterChainProxy.java:380)
	at org.springframework.security.web.FilterChainProxy.doFilterInternal(FilterChainProxy.java:237)
	at org.springframework.security.web.FilterChainProxy.doFilter(FilterChainProxy.java:195)
	at org.springframework.web.filter.CompositeFilter$VirtualFilterChain.doFilter(CompositeFilter.java:113)
	at org.springframework.web.filter.ServletRequestPathFilter.doFilter(ServletRequestPathFilter.java:52)
	at org.springframework.web.filter.CompositeFilter$VirtualFilterChain.doFilter(CompositeFilter.java:113)
	at org.springframework.web.filter.CompositeFilter.doFilter(CompositeFilter.java:74)
	at org.springframework.security.config.annotation.web.configuration.WebSecurityConfiguration$CompositeFilterChainProxy.doFilter(WebSecurityConfiguration.java:317)
	at org.springframework.web.filter.DelegatingFilterProxy.invokeDelegate(DelegatingFilterProxy.java:355)
	at org.springframework.web.filter.DelegatingFilterProxy.doFilter(DelegatingFilterProxy.java:272)
	at org.apache.catalina.core.ApplicationFilterChain.doFilter(ApplicationFilterChain.java:107)
	at org.springframework.web.filter.RequestContextFilter.doFilterInternal(RequestContextFilter.java:100)
	at org.springframework.web.filter.OncePerRequestFilter.doFilter(OncePerRequestFilter.java:116)
	at org.apache.catalina.core.ApplicationFilterChain.doFilter(ApplicationFilterChain.java:107)
	at org.springframework.web.filter.FormContentFilter.doFilterInternal(FormContentFilter.java:93)
	at org.springframework.web.filter.OncePerRequestFilter.doFilter(OncePerRequestFilter.java:116)
	at org.apache.catalina.core.ApplicationFilterChain.doFilter(ApplicationFilterChain.java:107)
	at org.springframework.web.filter.CharacterEncodingFilter.doFilterInternal(CharacterEncodingFilter.java:199)
	at org.springframework.web.filter.OncePerRequestFilter.doFilter(OncePerRequestFilter.java:116)
	at org.apache.catalina.core.ApplicationFilterChain.doFilter(ApplicationFilterChain.java:107)
	at org.apache.catalina.core.StandardWrapperValve.invoke(StandardWrapperValve.java:165)
	at org.apache.catalina.core.StandardContextValve.invoke(StandardContextValve.java:77)
	at org.apache.catalina.authenticator.AuthenticatorBase.invoke(AuthenticatorBase.java:492)
	at org.apache.catalina.core.StandardHostValve.invoke(StandardHostValve.java:113)
	at org.apache.catalina.valves.ErrorReportValve.invoke(ErrorReportValve.java:83)
	at org.apache.catalina.core.StandardEngineValve.invoke(StandardEngineValve.java:72)
	at org.apache.catalina.connector.CoyoteAdapter.service(CoyoteAdapter.java:341)
	at org.apache.coyote.http11.Http11Processor.service(Http11Processor.java:397)
	at org.apache.coyote.AbstractProcessorLight.process(AbstractProcessorLight.java:63)
	at org.apache.coyote.AbstractProtocol$ConnectionHandler.process(AbstractProtocol.java:903)
	at org.apache.tomcat.util.net.NioEndpoint$SocketProcessor.doRun(NioEndpoint.java:1779)
	at org.apache.tomcat.util.net.SocketProcessorBase.run(SocketProcessorBase.java:52)
	at org.apache.tomcat.util.threads.ThreadPoolExecutor.runWorker(ThreadPoolExecutor.java:946)
	at org.apache.tomcat.util.threads.ThreadPoolExecutor$Worker.run(ThreadPoolExecutor.java:480)
	at org.apache.tomcat.util.threads.TaskThread$WrappingRunnable.run(TaskThread.java:57)
	at java.base/java.lang.Thread.run(Unknown Source)
2026-06-26 16:42:19 - Using 'application/json', given [application/json, text/plain, */*] and supported [application/json, application/*+json, application/yaml]
2026-06-26 16:42:19 - Using 'application/json', given [application/json, text/plain, */*] and supported [application/json, application/*+json, application/yaml]
2026-06-26 16:42:19 - Writing [com.ust.pos.exception.ErrorResponse@19362f2d]
2026-06-26 16:42:19 - Writing [com.ust.pos.exception.ErrorResponse@5d6c94c9]
2026-06-26 16:42:19 - Resolved [org.springframework.web.servlet.resource.NoResourceFoundException: No static resource api/produc/list for request '/api/produc/list'.]
2026-06-26 16:42:19 - Resolved [org.springframework.web.servlet.resource.NoResourceFoundException: No static resource api/produc/list for request '/api/produc/list'.]
2026-06-26 16:42:19 - Completed 500 INTERNAL_SERVER_ERROR
2026-06-26 16:42:19 - Completed 500 INTERNAL_SERVER_ERROR
2026-06-26 16:42:19 - GET "/api/category/list", parameters={}
2026-06-26 16:42:19 - Mapped to com.ust.pos.api.category.CategoryApiController#home()
2026-06-26 16:42:19 - Using 'application/json', given [application/json, text/plain, */*] and supported [application/json, application/*+json, application/yaml]
2026-06-26 16:42:19 - Writing [[PaginationDto(page=0, sizePerPage=0, sortDirection=DESC, sortField=identifier, totalPages=0, totalR (truncated)...]
2026-06-26 16:42:19 - Completed 200 OK
2026-06-26 16:42:26 - GET "/api/node/roles", parameters={}
2026-06-26 16:42:26 - Mapped to com.ust.pos.api.node.NodeApiController#getNodesForRoles()
2026-06-26 16:42:26 - Using 'application/json', given [application/json, text/plain, */*] and supported [application/json, application/*+json, application/yaml]
2026-06-26 16:42:26 - Writing [[PaginationDto(page=0, sizePerPage=0, sortDirection=DESC, sortField=identifier, totalPages=0, totalR (truncated)...]
2026-06-26 16:42:26 - Completed 200 OK
2026-06-26 16:47:43 - GET "/api/node/roles", parameters={}
2026-06-26 16:47:43 - Mapped to com.ust.pos.api.node.NodeApiController#getNodesForRoles()
2026-06-26 16:47:43 - Using 'application/json', given [application/json, text/plain, */*] and supported [application/json, application/*+json, application/yaml]
2026-06-26 16:47:43 - Writing [[PaginationDto(page=0, sizePerPage=0, sortDirection=DESC, sortField=identifier, totalPages=0, totalR (truncated)...]
2026-06-26 16:47:43 - Completed 200 OK
2026-06-26 16:48:35 - GET "/api/node/roles", parameters={}
2026-06-26 16:48:35 - Mapped to com.ust.pos.api.node.NodeApiController#getNodesForRoles()
2026-06-26 16:48:35 - Using 'application/json', given [application/json, text/plain, */*] and supported [application/json, application/*+json, application/yaml]
2026-06-26 16:48:35 - Writing [[PaginationDto(page=0, sizePerPage=0, sortDirection=DESC, sortField=identifier, totalPages=0, totalR (truncated)...]
2026-06-26 16:48:35 - Completed 200 OK
2026-06-26 16:48:37 - POST "/api/warehouse/list", parameters={}
2026-06-26 16:48:37 - POST "/api/warehouse/list", parameters={}
2026-06-26 16:48:37 - Mapped to com.ust.pos.api.warehouse.WarehouseApiController#home(PaginationDto)
2026-06-26 16:48:37 - Mapped to com.ust.pos.api.warehouse.WarehouseApiController#home(PaginationDto)
2026-06-26 16:48:37 - Read "application/json;charset=UTF-8" to [PaginationDto(page=0, sizePerPage=5, sortDirection=DESC, sortField=identifier, totalPages=0, totalRe (truncated)...]
2026-06-26 16:48:37 - Read "application/json;charset=UTF-8" to [PaginationDto(page=0, sizePerPage=5, sortDirection=DESC, sortField=identifier, totalPages=0, totalRe (truncated)...]
2026-06-26 16:48:37 - Using 'application/json', given [application/json, text/plain, */*] and supported [application/json, application/*+json, application/yaml]
2026-06-26 16:48:37 - Using 'application/json', given [application/json, text/plain, */*] and supported [application/json, application/*+json, application/yaml]
2026-06-26 16:48:37 - Writing [PaginationDto(page=0, sizePerPage=5, sortDirection=DESC, sortField=identifier, totalPages=1, totalRe (truncated)...]
2026-06-26 16:48:37 - Writing [PaginationDto(page=0, sizePerPage=5, sortDirection=DESC, sortField=identifier, totalPages=1, totalRe (truncated)...]
2026-06-26 16:48:37 - Completed 200 OK
2026-06-26 16:48:37 - Completed 200 OK
2026-06-26 16:48:40 - POST "/api/product/list", parameters={}
2026-06-26 16:48:40 - Mapped to com.ust.pos.api.product.ProductApiController#home(PaginationDto)
2026-06-26 16:48:40 - GET "/api/category/list", parameters={}
2026-06-26 16:48:40 - Mapped to com.ust.pos.api.category.CategoryApiController#home()
2026-06-26 16:48:40 - Read "application/json;charset=UTF-8" to [PaginationDto(page=0, sizePerPage=5, sortDirection=DESC, sortField=identifier, totalPages=0, totalRe (truncated)...]
2026-06-26 16:48:41 - Using 'application/json', given [application/json, text/plain, */*] and supported [application/json, application/*+json, application/yaml]
2026-06-26 16:48:41 - Writing [[PaginationDto(page=0, sizePerPage=0, sortDirection=DESC, sortField=identifier, totalPages=0, totalR (truncated)...]
2026-06-26 16:48:41 - Using 'application/json', given [application/json, text/plain, */*] and supported [application/json, application/*+json, application/yaml]
2026-06-26 16:48:41 - Writing [PaginationDto(page=0, sizePerPage=5, sortDirection=DESC, sortField=identifier, totalPages=2, totalRe (truncated)...]
2026-06-26 16:48:41 - Completed 200 OK
2026-06-26 16:48:41 - Completed 200 OK
2026-06-26 16:48:41 - POST "/api/product/list", parameters={}
2026-06-26 16:48:41 - Mapped to com.ust.pos.api.product.ProductApiController#home(PaginationDto)
2026-06-26 16:48:41 - Read "application/json;charset=UTF-8" to [PaginationDto(page=0, sizePerPage=5, sortDirection=DESC, sortField=identifier, totalPages=0, totalRe (truncated)...]
2026-06-26 16:48:41 - GET "/api/category/list", parameters={}
2026-06-26 16:48:41 - Mapped to com.ust.pos.api.category.CategoryApiController#home()
2026-06-26 16:48:41 - Using 'application/json', given [application/json, text/plain, */*] and supported [application/json, application/*+json, application/yaml]
2026-06-26 16:48:41 - Writing [PaginationDto(page=0, sizePerPage=5, sortDirection=DESC, sortField=identifier, totalPages=2, totalRe (truncated)...]
2026-06-26 16:48:41 - Completed 200 OK
2026-06-26 16:48:41 - Using 'application/json', given [application/json, text/plain, */*] and supported [application/json, application/*+json, application/yaml]
2026-06-26 16:48:41 - Writing [[PaginationDto(page=0, sizePerPage=0, sortDirection=DESC, sortField=identifier, totalPages=0, totalR (truncated)...]
2026-06-26 16:48:41 - Completed 200 OK
2026-06-26 16:48:46 - POST "/api/user/list", parameters={}
2026-06-26 16:48:46 - GET "/api/role/list", parameters={}
2026-06-26 16:48:46 - Mapped to com.ust.pos.api.role.RoleApiController#home()
2026-06-26 16:48:46 - Mapped to com.ust.pos.api.user.UserApiController#home(PaginationDto)
2026-06-26 16:48:46 - Read "application/json;charset=UTF-8" to [PaginationDto(page=0, sizePerPage=5, sortDirection=DESC, sortField=name, totalPages=0, totalRecords= (truncated)...]
2026-06-26 16:48:46 - POST "/api/user/list", parameters={}
2026-06-26 16:48:46 - Mapped to com.ust.pos.api.user.UserApiController#home(PaginationDto)
2026-06-26 16:48:46 - Read "application/json;charset=UTF-8" to [PaginationDto(page=0, sizePerPage=5, sortDirection=DESC, sortField=name, totalPages=0, totalRecords= (truncated)...]
2026-06-26 16:48:46 - Using 'application/json', given [application/json, text/plain, */*] and supported [application/json, application/*+json, application/yaml]
2026-06-26 16:48:46 - Writing [PaginationDto(page=0, sizePerPage=5, sortDirection=DESC, sortField=identifier, totalPages=2, totalRe (truncated)...]
2026-06-26 16:48:46 - Using 'application/json', given [application/json, text/plain, */*] and supported [application/json, application/*+json, application/yaml]
2026-06-26 16:48:46 - Writing [PaginationDto(page=0, sizePerPage=5, sortDirection=DESC, sortField=identifier, totalPages=2, totalRe (truncated)...]
2026-06-26 16:48:46 - Using 'application/json', given [application/json, text/plain, */*] and supported [application/json, application/*+json, application/yaml]
2026-06-26 16:48:46 - Writing [[PaginationDto(page=0, sizePerPage=0, sortDirection=DESC, sortField=identifier, totalPages=0, totalR (truncated)...]
2026-06-26 16:48:46 - Completed 200 OK
2026-06-26 16:48:46 - Completed 200 OK
2026-06-26 16:48:46 - Completed 200 OK
2026-06-26 16:48:46 - GET "/api/role/list", parameters={}
2026-06-26 16:48:46 - Mapped to com.ust.pos.api.role.RoleApiController#home()
2026-06-26 16:48:47 - Using 'application/json', given [application/json, text/plain, */*] and supported [application/json, application/*+json, application/yaml]
2026-06-26 16:48:47 - Writing [[PaginationDto(page=0, sizePerPage=0, sortDirection=DESC, sortField=identifier, totalPages=0, totalR (truncated)...]
2026-06-26 16:48:47 - Completed 200 OK
2026-06-26 16:48:48 - POST "/api/warehouse/list", parameters={}
2026-06-26 16:48:48 - POST "/api/warehouse/list", parameters={}
2026-06-26 16:48:48 - Mapped to com.ust.pos.api.warehouse.WarehouseApiController#home(PaginationDto)
2026-06-26 16:48:48 - Mapped to com.ust.pos.api.warehouse.WarehouseApiController#home(PaginationDto)
2026-06-26 16:48:48 - Read "application/json;charset=UTF-8" to [PaginationDto(page=0, sizePerPage=5, sortDirection=DESC, sortField=identifier, totalPages=0, totalRe (truncated)...]
2026-06-26 16:48:48 - Read "application/json;charset=UTF-8" to [PaginationDto(page=0, sizePerPage=5, sortDirection=DESC, sortField=identifier, totalPages=0, totalRe (truncated)...]
2026-06-26 16:48:48 - Using 'application/json', given [application/json, text/plain, */*] and supported [application/json, application/*+json, application/yaml]
2026-06-26 16:48:48 - Using 'application/json', given [application/json, text/plain, */*] and supported [application/json, application/*+json, application/yaml]
2026-06-26 16:48:48 - Writing [PaginationDto(page=0, sizePerPage=5, sortDirection=DESC, sortField=identifier, totalPages=1, totalRe (truncated)...]
2026-06-26 16:48:48 - Writing [PaginationDto(page=0, sizePerPage=5, sortDirection=DESC, sortField=identifier, totalPages=1, totalRe (truncated)...]
2026-06-26 16:48:48 - Completed 200 OK
2026-06-26 16:48:48 - Completed 200 OK
2026-06-26 16:48:49 - POST "/api/category/list", parameters={}
2026-06-26 16:48:49 - POST "/api/category/list", parameters={}
2026-06-26 16:48:49 - Mapped to com.ust.pos.api.category.CategoryApiController#home(PaginationDto)
2026-06-26 16:48:49 - GET "/api/category/list", parameters={}
2026-06-26 16:48:49 - Mapped to com.ust.pos.api.category.CategoryApiController#home(PaginationDto)
2026-06-26 16:48:49 - Mapped to com.ust.pos.api.category.CategoryApiController#home()
2026-06-26 16:48:49 - Read "application/json;charset=UTF-8" to [PaginationDto(page=0, sizePerPage=5, sortDirection=DESC, sortField=identifier, totalPages=0, totalRe (truncated)...]
2026-06-26 16:48:49 - Read "application/json;charset=UTF-8" to [PaginationDto(page=0, sizePerPage=5, sortDirection=DESC, sortField=identifier, totalPages=0, totalRe (truncated)...]
2026-06-26 16:48:49 - Using 'application/json', given [application/json, text/plain, */*] and supported [application/json, application/*+json, application/yaml]
2026-06-26 16:48:49 - Using 'application/json', given [application/json, text/plain, */*] and supported [application/json, application/*+json, application/yaml]
2026-06-26 16:48:49 - Writing [[PaginationDto(page=0, sizePerPage=0, sortDirection=DESC, sortField=identifier, totalPages=0, totalR (truncated)...]
2026-06-26 16:48:49 - Writing [PaginationDto(page=0, sizePerPage=5, sortDirection=DESC, sortField=identifier, totalPages=3, totalRe (truncated)...]
2026-06-26 16:48:49 - Using 'application/json', given [application/json, text/plain, */*] and supported [application/json, application/*+json, application/yaml]
2026-06-26 16:48:49 - Writing [PaginationDto(page=0, sizePerPage=5, sortDirection=DESC, sortField=identifier, totalPages=3, totalRe (truncated)...]
2026-06-26 16:48:49 - Completed 200 OK
2026-06-26 16:48:49 - Completed 200 OK
2026-06-26 16:48:49 - Completed 200 OK
2026-06-26 16:48:49 - GET "/api/category/list", parameters={}
2026-06-26 16:48:49 - Mapped to com.ust.pos.api.category.CategoryApiController#home()
2026-06-26 16:48:49 - Using 'application/json', given [application/json, text/plain, */*] and supported [application/json, application/*+json, application/yaml]
2026-06-26 16:48:49 - Writing [[PaginationDto(page=0, sizePerPage=0, sortDirection=DESC, sortField=identifier, totalPages=0, totalR (truncated)...]
2026-06-26 16:48:49 - Completed 200 OK
2026-06-26 16:48:50 - POST "/api/shelf/list", parameters={}
2026-06-26 16:48:50 - POST "/api/shelf/list", parameters={}
2026-06-26 16:48:50 - Mapped to com.ust.pos.api.shelf.ShelfApiController#home(PaginationDto)
2026-06-26 16:48:50 - Mapped to com.ust.pos.api.shelf.ShelfApiController#home(PaginationDto)
2026-06-26 16:48:50 - Read "application/json;charset=UTF-8" to [PaginationDto(page=0, sizePerPage=5, sortDirection=DESC, sortField=identifier, totalPages=0, totalRe (truncated)...]
2026-06-26 16:48:50 - Read "application/json;charset=UTF-8" to [PaginationDto(page=0, sizePerPage=5, sortDirection=DESC, sortField=identifier, totalPages=0, totalRe (truncated)...]
2026-06-26 16:48:50 - Using 'application/json', given [application/json, text/plain, */*] and supported [application/json, application/*+json, application/yaml]
2026-06-26 16:48:50 - Using 'application/json', given [application/json, text/plain, */*] and supported [application/json, application/*+json, application/yaml]
2026-06-26 16:48:50 - Writing [PaginationDto(page=0, sizePerPage=5, sortDirection=DESC, sortField=identifier, totalPages=1, totalRe (truncated)...]
2026-06-26 16:48:50 - Writing [PaginationDto(page=0, sizePerPage=5, sortDirection=DESC, sortField=identifier, totalPages=1, totalRe (truncated)...]
2026-06-26 16:48:50 - Completed 200 OK
2026-06-26 16:48:50 - Completed 200 OK
2026-06-26 16:51:40 - POST "/api/product/list", parameters={}
2026-06-26 16:51:40 - POST "/api/product/list", parameters={}
2026-06-26 16:51:40 - GET "/api/category/list", parameters={}
2026-06-26 16:51:40 - Mapped to com.ust.pos.api.product.ProductApiController#home(PaginationDto)
2026-06-26 16:51:40 - Mapped to com.ust.pos.api.category.CategoryApiController#home()
2026-06-26 16:51:40 - Mapped to com.ust.pos.api.product.ProductApiController#home(PaginationDto)
2026-06-26 16:51:40 - Read "application/json;charset=UTF-8" to [PaginationDto(page=0, sizePerPage=5, sortDirection=DESC, sortField=identifier, totalPages=0, totalRe (truncated)...]
2026-06-26 16:51:40 - Read "application/json;charset=UTF-8" to [PaginationDto(page=0, sizePerPage=5, sortDirection=DESC, sortField=identifier, totalPages=0, totalRe (truncated)...]
2026-06-26 16:51:40 - Using 'application/json', given [application/json, text/plain, */*] and supported [application/json, application/*+json, application/yaml]
2026-06-26 16:51:40 - Using 'application/json', given [application/json, text/plain, */*] and supported [application/json, application/*+json, application/yaml]
2026-06-26 16:51:40 - Writing [PaginationDto(page=0, sizePerPage=5, sortDirection=DESC, sortField=identifier, totalPages=2, totalRe (truncated)...]
2026-06-26 16:51:40 - Writing [[PaginationDto(page=0, sizePerPage=0, sortDirection=DESC, sortField=identifier, totalPages=0, totalR (truncated)...]
2026-06-26 16:51:40 - Completed 200 OK
2026-06-26 16:51:40 - Completed 200 OK
2026-06-26 16:51:40 - Using 'application/json', given [application/json, text/plain, */*] and supported [application/json, application/*+json, application/yaml]
2026-06-26 16:51:40 - Writing [PaginationDto(page=0, sizePerPage=5, sortDirection=DESC, sortField=identifier, totalPages=2, totalRe (truncated)...]
2026-06-26 16:51:40 - Completed 200 OK
2026-06-26 16:51:40 - GET "/api/category/list", parameters={}
2026-06-26 16:51:40 - Mapped to com.ust.pos.api.category.CategoryApiController#home()
2026-06-26 16:51:40 - Using 'application/json', given [application/json, text/plain, */*] and supported [application/json, application/*+json, application/yaml]
2026-06-26 16:51:40 - Writing [[PaginationDto(page=0, sizePerPage=0, sortDirection=DESC, sortField=identifier, totalPages=0, totalR (truncated)...]
2026-06-26 16:51:40 - Completed 200 OK
2026-06-26 17:12:53 - POST "/api/shelf/list", parameters={}
2026-06-26 17:12:53 - Mapped to com.ust.pos.api.shelf.ShelfApiController#home(PaginationDto)
2026-06-26 17:12:53 - POST "/api/shelf/list", parameters={}
2026-06-26 17:12:53 - Mapped to com.ust.pos.api.shelf.ShelfApiController#home(PaginationDto)
2026-06-26 17:12:53 - Read "application/json;charset=UTF-8" to [PaginationDto(page=0, sizePerPage=5, sortDirection=DESC, sortField=identifier, totalPages=0, totalRe (truncated)...]
2026-06-26 17:12:53 - Read "application/json;charset=UTF-8" to [PaginationDto(page=0, sizePerPage=5, sortDirection=DESC, sortField=identifier, totalPages=0, totalRe (truncated)...]
2026-06-26 17:12:53 - Using 'application/json', given [application/json, text/plain, */*] and supported [application/json, application/*+json, application/yaml]
2026-06-26 17:12:53 - Writing [PaginationDto(page=0, sizePerPage=5, sortDirection=DESC, sortField=identifier, totalPages=1, totalRe (truncated)...]
2026-06-26 17:12:53 - Completed 200 OK
2026-06-26 17:12:53 - Using 'application/json', given [application/json, text/plain, */*] and supported [application/json, application/*+json, application/yaml]
2026-06-26 17:12:53 - Writing [PaginationDto(page=0, sizePerPage=5, sortDirection=DESC, sortField=identifier, totalPages=1, totalRe (truncated)...]
2026-06-26 17:12:53 - Completed 200 OK
2026-06-26 17:12:55 - POST "/api/produc/list", parameters={}
2026-06-26 17:12:55 - GET "/api/category/list", parameters={}
2026-06-26 17:12:55 - Mapped to com.ust.pos.api.category.CategoryApiController#home()
2026-06-26 17:12:55 - Mapped to ResourceHttpRequestHandler [classpath [META-INF/resources/], classpath [resources/], classpath [static/], classpath [public/], ServletContext [/]]
2026-06-26 17:12:55 - Skip: no CORS configuration has been provided
2026-06-26 17:12:55 - POST "/api/produc/list", parameters={}
2026-06-26 17:12:55 - Mapped to ResourceHttpRequestHandler [classpath [META-INF/resources/], classpath [resources/], classpath [static/], classpath [public/], ServletContext [/]]
2026-06-26 17:12:55 - Skip: no CORS configuration has been provided
2026-06-26 17:12:55 - Resource not found
2026-06-26 17:12:55 - Using @ExceptionHandler com.ust.pos.exception.GlobalExceptionHandler#handleGeneric(Exception, HttpServletRequest)
2026-06-26 17:12:55 - Resource not found
2026-06-26 17:12:55 - Using 'application/json', given [application/json, text/plain, */*] and supported [application/json, application/*+json, application/yaml]
2026-06-26 17:12:55 - Unhandled exception occurred
org.springframework.web.servlet.resource.NoResourceFoundException: No static resource api/produc/list for request '/api/produc/list'.
	at org.springframework.web.servlet.resource.ResourceHttpRequestHandler.handleRequest(ResourceHttpRequestHandler.java:527)
	at org.springframework.web.servlet.mvc.HttpRequestHandlerAdapter.handle(HttpRequestHandlerAdapter.java:50)
	at org.springframework.web.servlet.DispatcherServlet.doDispatch(DispatcherServlet.java:963)
	at org.springframework.web.servlet.DispatcherServlet.doService(DispatcherServlet.java:866)
	at org.springframework.web.servlet.FrameworkServlet.processRequest(FrameworkServlet.java:1000)
	at org.springframework.web.servlet.FrameworkServlet.doPost(FrameworkServlet.java:903)
	at jakarta.servlet.http.HttpServlet.service(HttpServlet.java:649)
	at org.springframework.web.servlet.FrameworkServlet.service(FrameworkServlet.java:874)
	at jakarta.servlet.http.HttpServlet.service(HttpServlet.java:710)
	at org.apache.catalina.core.ApplicationFilterChain.doFilter(ApplicationFilterChain.java:128)
	at org.apache.tomcat.websocket.server.WsFilter.doFilter(WsFilter.java:53)
	at org.apache.catalina.core.ApplicationFilterChain.doFilter(ApplicationFilterChain.java:107)
	at org.springframework.web.filter.OncePerRequestFilter.doFilter(OncePerRequestFilter.java:110)
	at org.apache.catalina.core.ApplicationFilterChain.doFilter(ApplicationFilterChain.java:107)
	at org.springframework.web.filter.CompositeFilter$VirtualFilterChain.doFilter(CompositeFilter.java:108)
	at org.springframework.security.web.FilterChainProxy.lambda$doFilterInternal$3(FilterChainProxy.java:235)
	at org.springframework.security.web.FilterChainProxy$VirtualFilterChain.doFilter(FilterChainProxy.java:371)
	at org.springframework.security.web.access.intercept.AuthorizationFilter.doFilter(AuthorizationFilter.java:101)
	at org.springframework.security.web.FilterChainProxy$VirtualFilterChain.doFilter(FilterChainProxy.java:380)
	at org.springframework.security.web.access.ExceptionTranslationFilter.doFilter(ExceptionTranslationFilter.java:126)
	at org.springframework.security.web.access.ExceptionTranslationFilter.doFilter(ExceptionTranslationFilter.java:120)
	at org.springframework.security.web.FilterChainProxy$VirtualFilterChain.doFilter(FilterChainProxy.java:380)
	at org.springframework.security.web.session.SessionManagementFilter.doFilter(SessionManagementFilter.java:132)
	at org.springframework.security.web.session.SessionManagementFilter.doFilter(SessionManagementFilter.java:86)
	at org.springframework.security.web.FilterChainProxy$VirtualFilterChain.doFilter(FilterChainProxy.java:380)
	at org.springframework.security.web.authentication.AnonymousAuthenticationFilter.doFilter(AnonymousAuthenticationFilter.java:100)
	at org.springframework.security.web.FilterChainProxy$VirtualFilterChain.doFilter(FilterChainProxy.java:380)
	at org.springframework.security.web.servletapi.SecurityContextHolderAwareRequestFilter.doFilter(SecurityContextHolderAwareRequestFilter.java:181)
	at org.springframework.security.web.FilterChainProxy$VirtualFilterChain.doFilter(FilterChainProxy.java:380)
	at org.springframework.security.web.savedrequest.RequestCacheAwareFilter.doFilter(RequestCacheAwareFilter.java:63)
	at org.springframework.security.web.FilterChainProxy$VirtualFilterChain.doFilter(FilterChainProxy.java:380)
	at com.ust.pos.config.JwtFilter.doFilterInternal(JwtFilter.java:49)
	at org.springframework.web.filter.OncePerRequestFilter.doFilter(OncePerRequestFilter.java:116)
	at org.springframework.security.web.FilterChainProxy$VirtualFilterChain.doFilter(FilterChainProxy.java:380)
	at org.springframework.security.web.authentication.logout.LogoutFilter.doFilter(LogoutFilter.java:110)
	at org.springframework.security.web.authentication.logout.LogoutFilter.doFilter(LogoutFilter.java:96)
	at org.springframework.security.web.FilterChainProxy$VirtualFilterChain.doFilter(FilterChainProxy.java:380)
	at org.springframework.web.filter.CorsFilter.doFilterInternal(CorsFilter.java:91)
	at org.springframework.web.filter.OncePerRequestFilter.doFilter(OncePerRequestFilter.java:116)
	at org.springframework.security.web.FilterChainProxy$VirtualFilterChain.doFilter(FilterChainProxy.java:380)
	at org.springframework.security.web.header.HeaderWriterFilter.doHeadersAfter(HeaderWriterFilter.java:90)
	at org.springframework.security.web.header.HeaderWriterFilter.doFilterInternal(HeaderWriterFilter.java:75)
	at org.springframework.web.filter.OncePerRequestFilter.doFilter(OncePerRequestFilter.java:116)
	at org.springframework.security.web.FilterChainProxy$VirtualFilterChain.doFilter(FilterChainProxy.java:380)
	at org.springframework.security.web.context.SecurityContextHolderFilter.doFilter(SecurityContextHolderFilter.java:82)
	at org.springframework.security.web.context.SecurityContextHolderFilter.doFilter(SecurityContextHolderFilter.java:69)
	at org.springframework.security.web.FilterChainProxy$VirtualFilterChain.doFilter(FilterChainProxy.java:380)
	at org.springframework.security.web.context.request.async.WebAsyncManagerIntegrationFilter.doFilterInternal(WebAsyncManagerIntegrationFilter.java:62)
	at org.springframework.web.filter.OncePerRequestFilter.doFilter(OncePerRequestFilter.java:116)
	at org.springframework.security.web.FilterChainProxy$VirtualFilterChain.doFilter(FilterChainProxy.java:380)
	at org.springframework.security.web.session.DisableEncodeUrlFilter.doFilterInternal(DisableEncodeUrlFilter.java:42)
	at org.springframework.web.filter.OncePerRequestFilter.doFilter(OncePerRequestFilter.java:116)
	at org.springframework.security.web.FilterChainProxy$VirtualFilterChain.doFilter(FilterChainProxy.java:380)
	at org.springframework.security.web.FilterChainProxy.doFilterInternal(FilterChainProxy.java:237)
	at org.springframework.security.web.FilterChainProxy.doFilter(FilterChainProxy.java:195)
	at org.springframework.web.filter.CompositeFilter$VirtualFilterChain.doFilter(CompositeFilter.java:113)
	at org.springframework.web.filter.ServletRequestPathFilter.doFilter(ServletRequestPathFilter.java:52)
	at org.springframework.web.filter.CompositeFilter$VirtualFilterChain.doFilter(CompositeFilter.java:113)
	at org.springframework.web.filter.CompositeFilter.doFilter(CompositeFilter.java:74)
	at org.springframework.security.config.annotation.web.configuration.WebSecurityConfiguration$CompositeFilterChainProxy.doFilter(WebSecurityConfiguration.java:317)
	at org.springframework.web.filter.DelegatingFilterProxy.invokeDelegate(DelegatingFilterProxy.java:355)
	at org.springframework.web.filter.DelegatingFilterProxy.doFilter(DelegatingFilterProxy.java:272)
	at org.apache.catalina.core.ApplicationFilterChain.doFilter(ApplicationFilterChain.java:107)
	at org.springframework.web.filter.RequestContextFilter.doFilterInternal(RequestContextFilter.java:100)
	at org.springframework.web.filter.OncePerRequestFilter.doFilter(OncePerRequestFilter.java:116)
	at org.apache.catalina.core.ApplicationFilterChain.doFilter(ApplicationFilterChain.java:107)
	at org.springframework.web.filter.FormContentFilter.doFilterInternal(FormContentFilter.java:93)
	at org.springframework.web.filter.OncePerRequestFilter.doFilter(OncePerRequestFilter.java:116)
	at org.apache.catalina.core.ApplicationFilterChain.doFilter(ApplicationFilterChain.java:107)
	at org.springframework.web.filter.CharacterEncodingFilter.doFilterInternal(CharacterEncodingFilter.java:199)
	at org.springframework.web.filter.OncePerRequestFilter.doFilter(OncePerRequestFilter.java:116)
	at org.apache.catalina.core.ApplicationFilterChain.doFilter(ApplicationFilterChain.java:107)
	at org.apache.catalina.core.StandardWrapperValve.invoke(StandardWrapperValve.java:165)
	at org.apache.catalina.core.StandardContextValve.invoke(StandardContextValve.java:77)
	at org.apache.catalina.authenticator.AuthenticatorBase.invoke(AuthenticatorBase.java:492)
	at org.apache.catalina.core.StandardHostValve.invoke(StandardHostValve.java:113)
	at org.apache.catalina.valves.ErrorReportValve.invoke(ErrorReportValve.java:83)
	at org.apache.catalina.core.StandardEngineValve.invoke(StandardEngineValve.java:72)
	at org.apache.catalina.connector.CoyoteAdapter.service(CoyoteAdapter.java:341)
	at org.apache.coyote.http11.Http11Processor.service(Http11Processor.java:397)
	at org.apache.coyote.AbstractProcessorLight.process(AbstractProcessorLight.java:63)
	at org.apache.coyote.AbstractProtocol$ConnectionHandler.process(AbstractProtocol.java:903)
	at org.apache.tomcat.util.net.NioEndpoint$SocketProcessor.doRun(NioEndpoint.java:1779)
	at org.apache.tomcat.util.net.SocketProcessorBase.run(SocketProcessorBase.java:52)
	at org.apache.tomcat.util.threads.ThreadPoolExecutor.runWorker(ThreadPoolExecutor.java:946)
	at org.apache.tomcat.util.threads.ThreadPoolExecutor$Worker.run(ThreadPoolExecutor.java:480)
	at org.apache.tomcat.util.threads.TaskThread$WrappingRunnable.run(TaskThread.java:57)
	at java.base/java.lang.Thread.run(Unknown Source)
2026-06-26 17:12:55 - Writing [[PaginationDto(page=0, sizePerPage=0, sortDirection=DESC, sortField=identifier, totalPages=0, totalR (truncated)...]
2026-06-26 17:12:55 - Using 'application/json', given [application/json, text/plain, */*] and supported [application/json, application/*+json, application/yaml]
2026-06-26 17:12:55 - Using @ExceptionHandler com.ust.pos.exception.GlobalExceptionHandler#handleGeneric(Exception, HttpServletRequest)
2026-06-26 17:12:55 - Writing [com.ust.pos.exception.ErrorResponse@26ae079d]
2026-06-26 17:12:55 - Resolved [org.springframework.web.servlet.resource.NoResourceFoundException: No static resource api/produc/list for request '/api/produc/list'.]
2026-06-26 17:12:55 - Completed 500 INTERNAL_SERVER_ERROR
2026-06-26 17:12:55 - Completed 200 OK
2026-06-26 17:12:55 - Unhandled exception occurred
org.springframework.web.servlet.resource.NoResourceFoundException: No static resource api/produc/list for request '/api/produc/list'.
	at org.springframework.web.servlet.resource.ResourceHttpRequestHandler.handleRequest(ResourceHttpRequestHandler.java:527)
	at org.springframework.web.servlet.mvc.HttpRequestHandlerAdapter.handle(HttpRequestHandlerAdapter.java:50)
	at org.springframework.web.servlet.DispatcherServlet.doDispatch(DispatcherServlet.java:963)
	at org.springframework.web.servlet.DispatcherServlet.doService(DispatcherServlet.java:866)
	at org.springframework.web.servlet.FrameworkServlet.processRequest(FrameworkServlet.java:1000)
	at org.springframework.web.servlet.FrameworkServlet.doPost(FrameworkServlet.java:903)
	at jakarta.servlet.http.HttpServlet.service(HttpServlet.java:649)
	at org.springframework.web.servlet.FrameworkServlet.service(FrameworkServlet.java:874)
	at jakarta.servlet.http.HttpServlet.service(HttpServlet.java:710)
	at org.apache.catalina.core.ApplicationFilterChain.doFilter(ApplicationFilterChain.java:128)
	at org.apache.tomcat.websocket.server.WsFilter.doFilter(WsFilter.java:53)
	at org.apache.catalina.core.ApplicationFilterChain.doFilter(ApplicationFilterChain.java:107)
	at org.springframework.web.filter.OncePerRequestFilter.doFilter(OncePerRequestFilter.java:110)
	at org.apache.catalina.core.ApplicationFilterChain.doFilter(ApplicationFilterChain.java:107)
	at org.springframework.web.filter.CompositeFilter$VirtualFilterChain.doFilter(CompositeFilter.java:108)
	at org.springframework.security.web.FilterChainProxy.lambda$doFilterInternal$3(FilterChainProxy.java:235)
	at org.springframework.security.web.FilterChainProxy$VirtualFilterChain.doFilter(FilterChainProxy.java:371)
	at org.springframework.security.web.access.intercept.AuthorizationFilter.doFilter(AuthorizationFilter.java:101)
	at org.springframework.security.web.FilterChainProxy$VirtualFilterChain.doFilter(FilterChainProxy.java:380)
	at org.springframework.security.web.access.ExceptionTranslationFilter.doFilter(ExceptionTranslationFilter.java:126)
	at org.springframework.security.web.access.ExceptionTranslationFilter.doFilter(ExceptionTranslationFilter.java:120)
	at org.springframework.security.web.FilterChainProxy$VirtualFilterChain.doFilter(FilterChainProxy.java:380)
	at org.springframework.security.web.session.SessionManagementFilter.doFilter(SessionManagementFilter.java:132)
	at org.springframework.security.web.session.SessionManagementFilter.doFilter(SessionManagementFilter.java:86)
	at org.springframework.security.web.FilterChainProxy$VirtualFilterChain.doFilter(FilterChainProxy.java:380)
	at org.springframework.security.web.authentication.AnonymousAuthenticationFilter.doFilter(AnonymousAuthenticationFilter.java:100)
	at org.springframework.security.web.FilterChainProxy$VirtualFilterChain.doFilter(FilterChainProxy.java:380)
	at org.springframework.security.web.servletapi.SecurityContextHolderAwareRequestFilter.doFilter(SecurityContextHolderAwareRequestFilter.java:181)
	at org.springframework.security.web.FilterChainProxy$VirtualFilterChain.doFilter(FilterChainProxy.java:380)
	at org.springframework.security.web.savedrequest.RequestCacheAwareFilter.doFilter(RequestCacheAwareFilter.java:63)
	at org.springframework.security.web.FilterChainProxy$VirtualFilterChain.doFilter(FilterChainProxy.java:380)
	at com.ust.pos.config.JwtFilter.doFilterInternal(JwtFilter.java:49)
	at org.springframework.web.filter.OncePerRequestFilter.doFilter(OncePerRequestFilter.java:116)
	at org.springframework.security.web.FilterChainProxy$VirtualFilterChain.doFilter(FilterChainProxy.java:380)
	at org.springframework.security.web.authentication.logout.LogoutFilter.doFilter(LogoutFilter.java:110)
	at org.springframework.security.web.authentication.logout.LogoutFilter.doFilter(LogoutFilter.java:96)
	at org.springframework.security.web.FilterChainProxy$VirtualFilterChain.doFilter(FilterChainProxy.java:380)
	at org.springframework.web.filter.CorsFilter.doFilterInternal(CorsFilter.java:91)
	at org.springframework.web.filter.OncePerRequestFilter.doFilter(OncePerRequestFilter.java:116)
	at org.springframework.security.web.FilterChainProxy$VirtualFilterChain.doFilter(FilterChainProxy.java:380)
	at org.springframework.security.web.header.HeaderWriterFilter.doHeadersAfter(HeaderWriterFilter.java:90)
	at org.springframework.security.web.header.HeaderWriterFilter.doFilterInternal(HeaderWriterFilter.java:75)
	at org.springframework.web.filter.OncePerRequestFilter.doFilter(OncePerRequestFilter.java:116)
	at org.springframework.security.web.FilterChainProxy$VirtualFilterChain.doFilter(FilterChainProxy.java:380)
	at org.springframework.security.web.context.SecurityContextHolderFilter.doFilter(SecurityContextHolderFilter.java:82)
	at org.springframework.security.web.context.SecurityContextHolderFilter.doFilter(SecurityContextHolderFilter.java:69)
	at org.springframework.security.web.FilterChainProxy$VirtualFilterChain.doFilter(FilterChainProxy.java:380)
	at org.springframework.security.web.context.request.async.WebAsyncManagerIntegrationFilter.doFilterInternal(WebAsyncManagerIntegrationFilter.java:62)
	at org.springframework.web.filter.OncePerRequestFilter.doFilter(OncePerRequestFilter.java:116)
	at org.springframework.security.web.FilterChainProxy$VirtualFilterChain.doFilter(FilterChainProxy.java:380)
	at org.springframework.security.web.session.DisableEncodeUrlFilter.doFilterInternal(DisableEncodeUrlFilter.java:42)
	at org.springframework.web.filter.OncePerRequestFilter.doFilter(OncePerRequestFilter.java:116)
	at org.springframework.security.web.FilterChainProxy$VirtualFilterChain.doFilter(FilterChainProxy.java:380)
	at org.springframework.security.web.FilterChainProxy.doFilterInternal(FilterChainProxy.java:237)
	at org.springframework.security.web.FilterChainProxy.doFilter(FilterChainProxy.java:195)
	at org.springframework.web.filter.CompositeFilter$VirtualFilterChain.doFilter(CompositeFilter.java:113)
	at org.springframework.web.filter.ServletRequestPathFilter.doFilter(ServletRequestPathFilter.java:52)
	at org.springframework.web.filter.CompositeFilter$VirtualFilterChain.doFilter(CompositeFilter.java:113)
	at org.springframework.web.filter.CompositeFilter.doFilter(CompositeFilter.java:74)
	at org.springframework.security.config.annotation.web.configuration.WebSecurityConfiguration$CompositeFilterChainProxy.doFilter(WebSecurityConfiguration.java:317)
	at org.springframework.web.filter.DelegatingFilterProxy.invokeDelegate(DelegatingFilterProxy.java:355)
	at org.springframework.web.filter.DelegatingFilterProxy.doFilter(DelegatingFilterProxy.java:272)
	at org.apache.catalina.core.ApplicationFilterChain.doFilter(ApplicationFilterChain.java:107)
	at org.springframework.web.filter.RequestContextFilter.doFilterInternal(RequestContextFilter.java:100)
	at org.springframework.web.filter.OncePerRequestFilter.doFilter(OncePerRequestFilter.java:116)
	at org.apache.catalina.core.ApplicationFilterChain.doFilter(ApplicationFilterChain.java:107)
	at org.springframework.web.filter.FormContentFilter.doFilterInternal(FormContentFilter.java:93)
	at org.springframework.web.filter.OncePerRequestFilter.doFilter(OncePerRequestFilter.java:116)
	at org.apache.catalina.core.ApplicationFilterChain.doFilter(ApplicationFilterChain.java:107)
	at org.springframework.web.filter.CharacterEncodingFilter.doFilterInternal(CharacterEncodingFilter.java:199)
	at org.springframework.web.filter.OncePerRequestFilter.doFilter(OncePerRequestFilter.java:116)
	at org.apache.catalina.core.ApplicationFilterChain.doFilter(ApplicationFilterChain.java:107)
	at org.apache.catalina.core.StandardWrapperValve.invoke(StandardWrapperValve.java:165)
	at org.apache.catalina.core.StandardContextValve.invoke(StandardContextValve.java:77)
	at org.apache.catalina.authenticator.AuthenticatorBase.invoke(AuthenticatorBase.java:492)
	at org.apache.catalina.core.StandardHostValve.invoke(StandardHostValve.java:113)
	at org.apache.catalina.valves.ErrorReportValve.invoke(ErrorReportValve.java:83)
	at org.apache.catalina.core.StandardEngineValve.invoke(StandardEngineValve.java:72)
	at org.apache.catalina.connector.CoyoteAdapter.service(CoyoteAdapter.java:341)
	at org.apache.coyote.http11.Http11Processor.service(Http11Processor.java:397)
	at org.apache.coyote.AbstractProcessorLight.process(AbstractProcessorLight.java:63)
	at org.apache.coyote.AbstractProtocol$ConnectionHandler.process(AbstractProtocol.java:903)
	at org.apache.tomcat.util.net.NioEndpoint$SocketProcessor.doRun(NioEndpoint.java:1779)
	at org.apache.tomcat.util.net.SocketProcessorBase.run(SocketProcessorBase.java:52)
	at org.apache.tomcat.util.threads.ThreadPoolExecutor.runWorker(ThreadPoolExecutor.java:946)
	at org.apache.tomcat.util.threads.ThreadPoolExecutor$Worker.run(ThreadPoolExecutor.java:480)
	at org.apache.tomcat.util.threads.TaskThread$WrappingRunnable.run(TaskThread.java:57)
	at java.base/java.lang.Thread.run(Unknown Source)
2026-06-26 17:12:55 - Using 'application/json', given [application/json, text/plain, */*] and supported [application/json, application/*+json, application/yaml]
2026-06-26 17:12:55 - Writing [com.ust.pos.exception.ErrorResponse@4a8af742]
2026-06-26 17:12:55 - Resolved [org.springframework.web.servlet.resource.NoResourceFoundException: No static resource api/produc/list for request '/api/produc/list'.]
2026-06-26 17:12:55 - Completed 500 INTERNAL_SERVER_ERROR
2026-06-26 17:12:56 - GET "/api/category/list", parameters={}
2026-06-26 17:12:56 - Mapped to com.ust.pos.api.category.CategoryApiController#home()
2026-06-26 17:12:56 - Using 'application/json', given [application/json, text/plain, */*] and supported [application/json, application/*+json, application/yaml]
2026-06-26 17:12:56 - Writing [[PaginationDto(page=0, sizePerPage=0, sortDirection=DESC, sortField=identifier, totalPages=0, totalR (truncated)...]
2026-06-26 17:12:56 - Completed 200 OK
2026-06-26 17:12:57 - GET "/api/node/roles", parameters={}
2026-06-26 17:12:57 - Mapped to com.ust.pos.api.node.NodeApiController#getNodesForRoles()
2026-06-26 17:12:57 - Using 'application/json', given [application/json, text/plain, */*] and supported [application/json, application/*+json, application/yaml]
2026-06-26 17:12:57 - Writing [[PaginationDto(page=0, sizePerPage=0, sortDirection=DESC, sortField=identifier, totalPages=0, totalR (truncated)...]
2026-06-26 17:12:57 - Completed 200 OK
2026-06-26 17:13:26 - GET "/api/node/roles", parameters={}
2026-06-26 17:13:26 - Mapped to com.ust.pos.api.node.NodeApiController#getNodesForRoles()
2026-06-26 17:13:26 - Using 'application/json', given [application/json, text/plain, */*] and supported [application/json, application/*+json, application/yaml]
2026-06-26 17:13:26 - Writing [[PaginationDto(page=0, sizePerPage=0, sortDirection=DESC, sortField=identifier, totalPages=0, totalR (truncated)...]
2026-06-26 17:13:26 - Completed 200 OK
2026-06-26 17:21:50 - POST "/api/role/list", parameters={}
2026-06-26 17:21:50 - POST "/api/role/list", parameters={}
2026-06-26 17:21:50 - Mapped to com.ust.pos.api.role.RoleApiController#home(PaginationDto)
2026-06-26 17:21:50 - Mapped to com.ust.pos.api.role.RoleApiController#home(PaginationDto)
2026-06-26 17:21:50 - Read "application/json;charset=UTF-8" to [PaginationDto(page=0, sizePerPage=5, sortDirection=DESC, sortField=identifier, totalPages=0, totalRe (truncated)...]
2026-06-26 17:21:50 - Read "application/json;charset=UTF-8" to [PaginationDto(page=0, sizePerPage=5, sortDirection=DESC, sortField=identifier, totalPages=0, totalRe (truncated)...]
2026-06-26 17:21:50 - Using 'application/json', given [application/json, text/plain, */*] and supported [application/json, application/*+json, application/yaml]
2026-06-26 17:21:50 - Writing [PaginationDto(page=0, sizePerPage=5, sortDirection=DESC, sortField=identifier, totalPages=2, totalRe (truncated)...]
2026-06-26 17:21:50 - Using 'application/json', given [application/json, text/plain, */*] and supported [application/json, application/*+json, application/yaml]
2026-06-26 17:21:50 - Writing [PaginationDto(page=0, sizePerPage=5, sortDirection=DESC, sortField=identifier, totalPages=2, totalRe (truncated)...]
2026-06-26 17:21:50 - Completed 200 OK
2026-06-26 17:21:50 - Completed 200 OK
2026-06-26 17:21:55 - GET "/api/category/list", parameters={}
2026-06-26 17:21:55 - Mapped to com.ust.pos.api.category.CategoryApiController#home()
2026-06-26 17:21:55 - POST "/api/product/list", parameters={}
2026-06-26 17:21:55 - Mapped to com.ust.pos.api.product.ProductApiController#home(PaginationDto)
2026-06-26 17:21:55 - POST "/api/product/list", parameters={}
2026-06-26 17:21:55 - Mapped to com.ust.pos.api.product.ProductApiController#home(PaginationDto)
2026-06-26 17:21:55 - Read "application/json;charset=UTF-8" to [PaginationDto(page=0, sizePerPage=5, sortDirection=DESC, sortField=identifier, totalPages=0, totalRe (truncated)...]
2026-06-26 17:21:55 - Read "application/json;charset=UTF-8" to [PaginationDto(page=0, sizePerPage=5, sortDirection=DESC, sortField=identifier, totalPages=0, totalRe (truncated)...]
2026-06-26 17:21:55 - Using 'application/json', given [application/json, text/plain, */*] and supported [application/json, application/*+json, application/yaml]
2026-06-26 17:21:55 - Writing [[PaginationDto(page=0, sizePerPage=0, sortDirection=DESC, sortField=identifier, totalPages=0, totalR (truncated)...]
2026-06-26 17:21:55 - Completed 200 OK
2026-06-26 17:21:55 - Using 'application/json', given [application/json, text/plain, */*] and supported [application/json, application/*+json, application/yaml]
2026-06-26 17:21:55 - Writing [PaginationDto(page=0, sizePerPage=5, sortDirection=DESC, sortField=identifier, totalPages=2, totalRe (truncated)...]
2026-06-26 17:21:55 - Completed 200 OK
2026-06-26 17:21:55 - Using 'application/json', given [application/json, text/plain, */*] and supported [application/json, application/*+json, application/yaml]
2026-06-26 17:21:55 - Writing [PaginationDto(page=0, sizePerPage=5, sortDirection=DESC, sortField=identifier, totalPages=2, totalRe (truncated)...]
2026-06-26 17:21:55 - Completed 200 OK
2026-06-26 17:21:55 - GET "/api/category/list", parameters={}
2026-06-26 17:21:55 - Mapped to com.ust.pos.api.category.CategoryApiController#home()
2026-06-26 17:21:55 - Using 'application/json', given [application/json, text/plain, */*] and supported [application/json, application/*+json, application/yaml]
2026-06-26 17:21:55 - Writing [[PaginationDto(page=0, sizePerPage=0, sortDirection=DESC, sortField=identifier, totalPages=0, totalR (truncated)...]
2026-06-26 17:21:55 - Completed 200 OK
2026-06-26 17:21:57 - POST "/api/role/list", parameters={}
2026-06-26 17:21:57 - POST "/api/role/list", parameters={}
2026-06-26 17:21:57 - Mapped to com.ust.pos.api.role.RoleApiController#home(PaginationDto)
2026-06-26 17:21:57 - Mapped to com.ust.pos.api.role.RoleApiController#home(PaginationDto)
2026-06-26 17:21:57 - Read "application/json;charset=UTF-8" to [PaginationDto(page=0, sizePerPage=5, sortDirection=DESC, sortField=identifier, totalPages=0, totalRe (truncated)...]
2026-06-26 17:21:57 - Read "application/json;charset=UTF-8" to [PaginationDto(page=0, sizePerPage=5, sortDirection=DESC, sortField=identifier, totalPages=0, totalRe (truncated)...]
2026-06-26 17:21:57 - Using 'application/json', given [application/json, text/plain, */*] and supported [application/json, application/*+json, application/yaml]
2026-06-26 17:21:57 - Writing [PaginationDto(page=0, sizePerPage=5, sortDirection=DESC, sortField=identifier, totalPages=2, totalRe (truncated)...]
2026-06-26 17:21:57 - Completed 200 OK
2026-06-26 17:21:57 - Using 'application/json', given [application/json, text/plain, */*] and supported [application/json, application/*+json, application/yaml]
2026-06-26 17:21:57 - Writing [PaginationDto(page=0, sizePerPage=5, sortDirection=DESC, sortField=identifier, totalPages=2, totalRe (truncated)...]
2026-06-26 17:21:57 - Completed 200 OK
2026-06-26 17:26:17 - POST "/api/user/list", parameters={}
2026-06-26 17:26:17 - Mapped to com.ust.pos.api.user.UserApiController#home(PaginationDto)
2026-06-26 17:26:17 - POST "/api/user/list", parameters={}
2026-06-26 17:26:17 - Mapped to com.ust.pos.api.user.UserApiController#home(PaginationDto)
2026-06-26 17:26:17 - GET "/api/role/list", parameters={}
2026-06-26 17:26:17 - Mapped to com.ust.pos.api.role.RoleApiController#home()
2026-06-26 17:26:17 - Read "application/json;charset=UTF-8" to [PaginationDto(page=0, sizePerPage=5, sortDirection=DESC, sortField=name, totalPages=0, totalRecords= (truncated)...]
2026-06-26 17:26:17 - Read "application/json;charset=UTF-8" to [PaginationDto(page=0, sizePerPage=5, sortDirection=DESC, sortField=name, totalPages=0, totalRecords= (truncated)...]
2026-06-26 17:26:17 - Using 'application/json', given [application/json, text/plain, */*] and supported [application/json, application/*+json, application/yaml]
2026-06-26 17:26:17 - Writing [[PaginationDto(page=0, sizePerPage=0, sortDirection=DESC, sortField=identifier, totalPages=0, totalR (truncated)...]
2026-06-26 17:26:17 - Using 'application/json', given [application/json, text/plain, */*] and supported [application/json, application/*+json, application/yaml]
2026-06-26 17:26:17 - Writing [PaginationDto(page=0, sizePerPage=5, sortDirection=DESC, sortField=identifier, totalPages=2, totalRe (truncated)...]
2026-06-26 17:26:17 - Using 'application/json', given [application/json, text/plain, */*] and supported [application/json, application/*+json, application/yaml]
2026-06-26 17:26:17 - Writing [PaginationDto(page=0, sizePerPage=5, sortDirection=DESC, sortField=identifier, totalPages=2, totalRe (truncated)...]
2026-06-26 17:26:17 - Completed 200 OK
2026-06-26 17:26:17 - Completed 200 OK
2026-06-26 17:26:17 - Completed 200 OK
2026-06-26 17:26:17 - GET "/api/role/list", parameters={}
2026-06-26 17:26:17 - Mapped to com.ust.pos.api.role.RoleApiController#home()
2026-06-26 17:26:17 - Using 'application/json', given [application/json, text/plain, */*] and supported [application/json, application/*+json, application/yaml]
2026-06-26 17:26:17 - Writing [[PaginationDto(page=0, sizePerPage=0, sortDirection=DESC, sortField=identifier, totalPages=0, totalR (truncated)...]
2026-06-26 17:26:17 - Completed 200 OK
2026-06-26 17:26:33 - POST "/api/role/list", parameters={}
2026-06-26 17:26:33 - POST "/api/role/list", parameters={}
2026-06-26 17:26:33 - Mapped to com.ust.pos.api.role.RoleApiController#home(PaginationDto)
2026-06-26 17:26:33 - Mapped to com.ust.pos.api.role.RoleApiController#home(PaginationDto)
2026-06-26 17:26:33 - Read "application/json;charset=UTF-8" to [PaginationDto(page=0, sizePerPage=5, sortDirection=DESC, sortField=identifier, totalPages=0, totalRe (truncated)...]
2026-06-26 17:26:33 - Read "application/json;charset=UTF-8" to [PaginationDto(page=0, sizePerPage=5, sortDirection=DESC, sortField=identifier, totalPages=0, totalRe (truncated)...]
2026-06-26 17:26:33 - Using 'application/json', given [application/json, text/plain, */*] and supported [application/json, application/*+json, application/yaml]
2026-06-26 17:26:33 - Using 'application/json', given [application/json, text/plain, */*] and supported [application/json, application/*+json, application/yaml]
2026-06-26 17:26:33 - Writing [PaginationDto(page=0, sizePerPage=5, sortDirection=DESC, sortField=identifier, totalPages=2, totalRe (truncated)...]
2026-06-26 17:26:33 - Writing [PaginationDto(page=0, sizePerPage=5, sortDirection=DESC, sortField=identifier, totalPages=2, totalRe (truncated)...]
2026-06-26 17:26:33 - Completed 200 OK
2026-06-26 17:26:33 - Completed 200 OK
2026-06-26 17:26:54 - Commencing graceful shutdown. Waiting for active requests to complete
2026-06-26 17:26:54 - Graceful shutdown complete
2026-06-26 17:26:54 - Closing JPA EntityManagerFactory for persistence unit 'default'
2026-06-26 17:27:06 - Starting PosApplication using Java 22.0.2 with PID 2664 (C:\Users\308331\Desktop\Training\Hacker_Earth\UST-Live-03\POS\target\classes started by 308331 in C:\Users\308331\Desktop\Training\Hacker_Earth\UST-Live-03\POS)
2026-06-26 17:27:06 - No active profile set, falling back to 1 default profile: "default"
2026-06-26 17:27:11 - Bootstrapping Spring Data JPA repositories in DEFAULT mode.
2026-06-26 17:27:12 - Finished Spring Data repository scanning in 753 ms. Found 19 JPA repository interfaces.
2026-06-26 17:27:15 - Tomcat initialized with port 8080 (http)
2026-06-26 17:27:15 - Starting service [Tomcat]
2026-06-26 17:27:15 - Starting Servlet engine: [Apache Tomcat/11.0.20]
2026-06-26 17:27:17 - At least one JAR was scanned for TLDs yet contained no TLDs. Enable debug logging for this logger for a complete list of JARs that were scanned but no TLDs were found in them. Skipping unneeded JARs during scanning can improve startup time and JSP compilation time.
2026-06-26 17:27:17 - Root WebApplicationContext: initialization completed in 10602 ms
2026-06-26 17:27:18 - HHH008540: Processing PersistenceUnitInfo [name: default]
2026-06-26 17:27:18 - HHH000001: Hibernate ORM core version 7.2.7.Final
2026-06-26 17:27:20 - No LoadTimeWeaver setup: ignoring JPA class transformer
2026-06-26 17:27:22 - HHH10001005: Database info:
	Database JDBC URL [jdbc:mysql://localhost:3306/posdb]
	Database driver: MySQL Connector/J
	Database dialect: MySQLDialect
	Database version: 8.0.44
	Default catalog/schema: posdb/undefined
	Autocommit mode: undefined/unknown
	Isolation level: REPEATABLE_READ [default REPEATABLE_READ]
	JDBC fetch size: none
	Pool: DataSourceConnectionProvider
	Minimum pool size: undefined/unknown
	Maximum pool size: undefined/unknown
2026-06-26 17:27:24 - HHH000489: No JTA platform available (set 'hibernate.transaction.jta.platform' to enable JTA platform integration)
2026-06-26 17:27:24 - Initialized JPA EntityManagerFactory for persistence unit 'default'
2026-06-26 17:27:24 - Hibernate is in classpath; If applicable, HQL parser will be used.
2026-06-26 17:27:26 - spring.jpa.open-in-view is enabled by default. Therefore, database queries may be performed during view rendering. Explicitly configure spring.jpa.open-in-view to disable this warning
2026-06-26 17:27:26 - Global AuthenticationManager configured with AuthenticationProvider bean with name authenticationProvider
2026-06-26 17:27:26 - Global AuthenticationManager configured with an AuthenticationProvider bean. UserDetailsService beans will not be used by Spring Security for automatically configuring username/password login. Consider removing the AuthenticationProvider bean. Alternatively, consider using the UserDetailsService in a manually instantiated DaoAuthenticationProvider. If the current configuration is intentional, to turn off this warning, increase the logging level of 'org.springframework.security.config.annotation.authentication.configuration.InitializeUserDetailsBeanManagerConfigurer' to ERROR
2026-06-26 17:27:26 - 206 mappings in 'requestMappingHandlerMapping'
2026-06-26 17:27:27 - Patterns [/webjars/**, /**, /swagger-ui*/*swagger-initializer.js, /swagger-ui*/**] in 'resourceHandlerMapping'
2026-06-26 17:27:27 - ControllerAdvice beans: 0 @ModelAttribute, 0 @InitBinder, 2 RequestBodyAdvice, 1 ResponseBodyAdvice
2026-06-26 17:27:27 - ControllerAdvice beans: 2 @ExceptionHandler, 1 ResponseBodyAdvice
2026-06-26 17:27:27 - MongoClient with metadata {"driver": {"name": "mongo-java-driver|spring-boot|sync", "version": "5.6.4"}, "os": {"type": "Windows", "name": "Windows 11", "architecture": "amd64", "version": "10.0"}, "platform": "Java/OpenLogic/22.0.2+9-adhoc.Administrator.jdk22u"} created with settings MongoClientSettings{readPreference=primary, writeConcern=WriteConcern{w=null, wTimeout=null ms, journal=null}, retryWrites=true, retryReads=true, readConcern=ReadConcern{level=null}, credential=null, transportSettings=null, commandListeners=[], codecRegistry=ProvidersCodecRegistry{codecProviders=[ValueCodecProvider{}, BsonValueCodecProvider{}, DBRefCodecProvider{}, DBObjectCodecProvider{}, DocumentCodecProvider{}, CollectionCodecProvider{}, IterableCodecProvider{}, MapCodecProvider{}, GeoJsonCodecProvider{}, GridFSFileCodecProvider{}, Jsr310CodecProvider{}, JsonObjectCodecProvider{}, BsonCodecProvider{}, com.mongodb.client.model.mql.ExpressionCodecProvider@7addc5e4, com.mongodb.Jep395RecordCodecProvider@1e27ed87, com.mongodb.KotlinCodecProvider@2b811d1c, EnumCodecProvider{}]}, loggerSettings=LoggerSettings{maxDocumentLength=1000}, clusterSettings={hosts=[localhost:27017], srvServiceName=mongodb, mode=SINGLE, requiredClusterType=UNKNOWN, requiredReplicaSetName='null', serverSelector='null', clusterListeners='[]', serverSelectionTimeout='30000 ms', localThreshold='15 ms'}, socketSettings=SocketSettings{connectTimeoutMS=10000, readTimeoutMS=0, receiveBufferSize=0, proxySettings=ProxySettings{host=null, port=null, username=null, password=null}}, heartbeatSocketSettings=SocketSettings{connectTimeoutMS=10000, readTimeoutMS=10000, receiveBufferSize=0, proxySettings=ProxySettings{host=null, port=null, username=null, password=null}}, connectionPoolSettings=ConnectionPoolSettings{maxSize=100, minSize=0, maxWaitTimeMS=120000, maxConnectionLifeTimeMS=0, maxConnectionIdleTimeMS=0, maintenanceInitialDelayMS=0, maintenanceFrequencyMS=60000, connectionPoolListeners=[], maxConnecting=2}, serverSettings=ServerSettings{heartbeatFrequencyMS=10000, minHeartbeatFrequencyMS=500, serverMonitoringMode=AUTO, serverListeners='[]', serverMonitorListeners='[]'}, sslSettings=SslSettings{enabled=false, invalidHostNameAllowed=false, context=null}, applicationName='null', compressorList=[], uuidRepresentation=UNSPECIFIED, serverApi=null, autoEncryptionSettings=null, dnsClient=null, inetAddressResolver=null, contextProvider=null, timeoutMS=null}
2026-06-26 17:27:27 - Monitor thread successfully connected to server with description ServerDescription{address=localhost:27017, type=STANDALONE, cryptd=false, state=CONNECTED, ok=true, minWireVersion=0, maxWireVersion=27, maxDocumentSize=16777216, logicalSessionTimeoutMinutes=30, roundTripTimeNanos=33495900, minRoundTripTimeNanos=0}
2026-06-26 17:27:27 - Tomcat started on port 8080 (http) with context path '/'
2026-06-26 17:27:27 - Started PosApplication in 22.103 seconds (process running for 23.406)
2026-06-26 17:27:46 - Initializing Spring DispatcherServlet 'dispatcherServlet'
2026-06-26 17:27:46 - Initializing Servlet 'dispatcherServlet'
2026-06-26 17:27:46 - Detected StandardServletMultipartResolver
2026-06-26 17:27:46 - Detected AcceptHeaderLocaleResolver
2026-06-26 17:27:46 - Detected org.springframework.web.servlet.view.DefaultRequestToViewNameTranslator@5d965dbd
2026-06-26 17:27:46 - Detected org.springframework.web.servlet.support.SessionFlashMapManager@58230224
2026-06-26 17:27:46 - enableLoggingRequestDetails='false': request parameters and headers will be masked to prevent unsafe logging of potentially sensitive data
2026-06-26 17:27:46 - Completed initialization in 8 ms
2026-06-26 17:27:49 - POST "/api/role/list", parameters={}
2026-06-26 17:27:49 - GET "/api/node/roles", parameters={}
2026-06-26 17:27:49 - Mapped to com.ust.pos.api.node.NodeApiController#getNodesForRoles()
2026-06-26 17:27:49 - Mapped to com.ust.pos.api.role.RoleApiController#home(PaginationDto)
2026-06-26 17:27:49 - Read "application/json;charset=UTF-8" to [PaginationDto(page=0, sizePerPage=5, sortDirection=DESC, sortField=identifier, totalPages=0, totalRe (truncated)...]
2026-06-26 17:27:49 - Using 'application/json', given [application/json, text/plain, */*] and supported [application/json, application/*+json, application/yaml]
2026-06-26 17:27:49 - Writing [[PaginationDto(page=0, sizePerPage=0, sortDirection=DESC, sortField=identifier, totalPages=0, totalR (truncated)...]
2026-06-26 17:27:50 - Completed 200 OK
2026-06-26 17:27:50 - Using 'application/json', given [application/json, text/plain, */*] and supported [application/json, application/*+json, application/yaml]
2026-06-26 17:27:50 - Writing [PaginationDto(page=0, sizePerPage=5, sortDirection=DESC, sortField=identifier, totalPages=2, totalRe (truncated)...]
2026-06-26 17:27:50 - Completed 200 OK
2026-06-26 17:27:50 - GET "/api/node/roles", parameters={}
2026-06-26 17:27:50 - Mapped to com.ust.pos.api.node.NodeApiController#getNodesForRoles()
2026-06-26 17:27:50 - POST "/api/role/list", parameters={}
2026-06-26 17:27:50 - Mapped to com.ust.pos.api.role.RoleApiController#home(PaginationDto)
2026-06-26 17:27:50 - Read "application/json;charset=UTF-8" to [PaginationDto(page=0, sizePerPage=5, sortDirection=DESC, sortField=identifier, totalPages=0, totalRe (truncated)...]
2026-06-26 17:27:50 - Using 'application/json', given [application/json, text/plain, */*] and supported [application/json, application/*+json, application/yaml]
2026-06-26 17:27:50 - Writing [PaginationDto(page=0, sizePerPage=5, sortDirection=DESC, sortField=identifier, totalPages=2, totalRe (truncated)...]
2026-06-26 17:27:50 - Completed 200 OK
2026-06-26 17:27:50 - Using 'application/json', given [application/json, text/plain, */*] and supported [application/json, application/*+json, application/yaml]
2026-06-26 17:27:50 - Writing [[PaginationDto(page=0, sizePerPage=0, sortDirection=DESC, sortField=identifier, totalPages=0, totalR (truncated)...]
2026-06-26 17:27:50 - Completed 200 OK
2026-06-26 17:28:15 - POST "/api/authenticate", parameters={}
2026-06-26 17:28:15 - Mapped to com.ust.pos.api.TokenGenerationController#authenticate(UserDto)
2026-06-26 17:28:15 - Read "application/json;charset=UTF-8" to [PaginationDto(page=0, sizePerPage=0, sortDirection=DESC, sortField=identifier, totalPages=0, totalRe (truncated)...]
2026-06-26 17:28:16 - Using 'application/json', given [application/json, text/plain, */*] and supported [application/json, application/*+json, application/yaml]
2026-06-26 17:28:16 - Writing [PaginationDto(page=0, sizePerPage=0, sortDirection=DESC, sortField=identifier, totalPages=0, totalRe (truncated)...]
2026-06-26 17:28:16 - Completed 200 OK
2026-06-26 17:28:16 - GET "/api/node/roles", parameters={}
2026-06-26 17:28:16 - GET "/api/user/get?username=yesh%40gmail.com", parameters={masked}
2026-06-26 17:28:16 - Mapped to com.ust.pos.api.node.NodeApiController#getNodesForRoles()
2026-06-26 17:28:16 - Mapped to com.ust.pos.api.user.UserApiController#update(String)
2026-06-26 17:28:16 - Using 'application/json', given [application/json, text/plain, */*] and supported [application/json, application/*+json, application/yaml]
2026-06-26 17:28:16 - Writing [PaginationDto(page=0, sizePerPage=0, sortDirection=DESC, sortField=identifier, totalPages=0, totalRe (truncated)...]
2026-06-26 17:28:16 - Completed 200 OK
2026-06-26 17:28:16 - GET "/api/user/get?username=yesh%40gmail.com", parameters={masked}
2026-06-26 17:28:16 - Mapped to com.ust.pos.api.user.UserApiController#update(String)
2026-06-26 17:28:16 - Using 'application/json', given [application/json, text/plain, */*] and supported [application/json, application/*+json, application/yaml]
2026-06-26 17:28:16 - Writing [[PaginationDto(page=0, sizePerPage=0, sortDirection=DESC, sortField=identifier, totalPages=0, totalR (truncated)...]
2026-06-26 17:28:16 - Completed 200 OK
2026-06-26 17:28:16 - Using 'application/json', given [application/json, text/plain, */*] and supported [application/json, application/*+json, application/yaml]
2026-06-26 17:28:16 - Writing [PaginationDto(page=0, sizePerPage=0, sortDirection=DESC, sortField=identifier, totalPages=0, totalRe (truncated)...]
2026-06-26 17:28:16 - Completed 200 OK
2026-06-26 17:28:16 - GET "/api/node/roles", parameters={}
2026-06-26 17:28:16 - Mapped to com.ust.pos.api.node.NodeApiController#getNodesForRoles()
2026-06-26 17:28:17 - Using 'application/json', given [application/json, text/plain, */*] and supported [application/json, application/*+json, application/yaml]
2026-06-26 17:28:17 - Writing [[PaginationDto(page=0, sizePerPage=0, sortDirection=DESC, sortField=identifier, totalPages=0, totalR (truncated)...]
2026-06-26 17:28:17 - Completed 200 OK
2026-06-26 17:28:21 - POST "/api/warehouse/list", parameters={}
2026-06-26 17:28:21 - Mapped to com.ust.pos.api.warehouse.WarehouseApiController#home(PaginationDto)
2026-06-26 17:28:21 - Read "application/json;charset=UTF-8" to [PaginationDto(page=0, sizePerPage=5, sortDirection=DESC, sortField=identifier, totalPages=0, totalRe (truncated)...]
2026-06-26 17:28:21 - POST "/api/warehouse/list", parameters={}
2026-06-26 17:28:21 - Mapped to com.ust.pos.api.warehouse.WarehouseApiController#home(PaginationDto)
2026-06-26 17:28:21 - Read "application/json;charset=UTF-8" to [PaginationDto(page=0, sizePerPage=5, sortDirection=DESC, sortField=identifier, totalPages=0, totalRe (truncated)...]
2026-06-26 17:28:21 - Using @ExceptionHandler com.ust.pos.exception.GlobalExceptionHandler#handleGeneric(Exception, HttpServletRequest)
2026-06-26 17:28:21 - Using @ExceptionHandler com.ust.pos.exception.GlobalExceptionHandler#handleGeneric(Exception, HttpServletRequest)
2026-06-26 17:28:21 - Unhandled exception occurred
org.springframework.security.authorization.AuthorizationDeniedException: Access Denied
	at org.springframework.security.authorization.method.ThrowingMethodAuthorizationDeniedHandler.handleDeniedInvocation(ThrowingMethodAuthorizationDeniedHandler.java:38)
	at org.springframework.security.authorization.method.PreAuthorizeAuthorizationManager.handleDeniedInvocation(PreAuthorizeAuthorizationManager.java:96)
	at org.springframework.security.authorization.method.AuthorizationManagerBeforeMethodInterceptor.handle(AuthorizationManagerBeforeMethodInterceptor.java:290)
	at org.springframework.security.authorization.method.AuthorizationManagerBeforeMethodInterceptor.attemptAuthorization(AuthorizationManagerBeforeMethodInterceptor.java:263)
	at org.springframework.security.authorization.method.AuthorizationManagerBeforeMethodInterceptor.invoke(AuthorizationManagerBeforeMethodInterceptor.java:197)
	at org.springframework.security.config.annotation.method.configuration.DeferringMethodInterceptor.invoke(DeferringMethodInterceptor.java:44)
	at org.springframework.aop.framework.ReflectiveMethodInvocation.proceed(ReflectiveMethodInvocation.java:179)
	at org.springframework.aop.framework.CglibAopProxy$DynamicAdvisedInterceptor.intercept(CglibAopProxy.java:719)
	at com.ust.pos.api.warehouse.WarehouseApiController$$SpringCGLIB$$0.home(<generated>)
	at java.base/jdk.internal.reflect.DirectMethodHandleAccessor.invoke(Unknown Source)
	at java.base/java.lang.reflect.Method.invoke(Unknown Source)
	at org.springframework.web.method.support.InvocableHandlerMethod.doInvoke(InvocableHandlerMethod.java:252)
	at org.springframework.web.method.support.InvocableHandlerMethod.invokeForRequest(InvocableHandlerMethod.java:184)
	at org.springframework.web.servlet.mvc.method.annotation.ServletInvocableHandlerMethod.invokeAndHandle(ServletInvocableHandlerMethod.java:117)
	at org.springframework.web.servlet.mvc.method.annotation.RequestMappingHandlerAdapter.invokeHandlerMethod(RequestMappingHandlerAdapter.java:934)
	at org.springframework.web.servlet.mvc.method.annotation.RequestMappingHandlerAdapter.handleInternal(RequestMappingHandlerAdapter.java:853)
	at org.springframework.web.servlet.mvc.method.AbstractHandlerMethodAdapter.handle(AbstractHandlerMethodAdapter.java:86)
	at org.springframework.web.servlet.DispatcherServlet.doDispatch(DispatcherServlet.java:963)
	at org.springframework.web.servlet.DispatcherServlet.doService(DispatcherServlet.java:866)
	at org.springframework.web.servlet.FrameworkServlet.processRequest(FrameworkServlet.java:1000)
	at org.springframework.web.servlet.FrameworkServlet.doPost(FrameworkServlet.java:903)
	at jakarta.servlet.http.HttpServlet.service(HttpServlet.java:649)
	at org.springframework.web.servlet.FrameworkServlet.service(FrameworkServlet.java:874)
	at jakarta.servlet.http.HttpServlet.service(HttpServlet.java:710)
	at org.apache.catalina.core.ApplicationFilterChain.doFilter(ApplicationFilterChain.java:128)
	at org.apache.tomcat.websocket.server.WsFilter.doFilter(WsFilter.java:53)
	at org.apache.catalina.core.ApplicationFilterChain.doFilter(ApplicationFilterChain.java:107)
	at org.springframework.web.filter.OncePerRequestFilter.doFilter(OncePerRequestFilter.java:110)
	at org.apache.catalina.core.ApplicationFilterChain.doFilter(ApplicationFilterChain.java:107)
	at org.springframework.web.filter.CompositeFilter$VirtualFilterChain.doFilter(CompositeFilter.java:108)
	at org.springframework.security.web.FilterChainProxy.lambda$doFilterInternal$3(FilterChainProxy.java:235)
	at org.springframework.security.web.FilterChainProxy$VirtualFilterChain.doFilter(FilterChainProxy.java:371)
	at org.springframework.security.web.access.intercept.AuthorizationFilter.doFilter(AuthorizationFilter.java:101)
	at org.springframework.security.web.FilterChainProxy$VirtualFilterChain.doFilter(FilterChainProxy.java:380)
	at org.springframework.security.web.access.ExceptionTranslationFilter.doFilter(ExceptionTranslationFilter.java:126)
	at org.springframework.security.web.access.ExceptionTranslationFilter.doFilter(ExceptionTranslationFilter.java:120)
	at org.springframework.security.web.FilterChainProxy$VirtualFilterChain.doFilter(FilterChainProxy.java:380)
	at org.springframework.security.web.session.SessionManagementFilter.doFilter(SessionManagementFilter.java:132)
	at org.springframework.security.web.session.SessionManagementFilter.doFilter(SessionManagementFilter.java:86)
	at org.springframework.security.web.FilterChainProxy$VirtualFilterChain.doFilter(FilterChainProxy.java:380)
	at org.springframework.security.web.authentication.AnonymousAuthenticationFilter.doFilter(AnonymousAuthenticationFilter.java:100)
	at org.springframework.security.web.FilterChainProxy$VirtualFilterChain.doFilter(FilterChainProxy.java:380)
	at org.springframework.security.web.servletapi.SecurityContextHolderAwareRequestFilter.doFilter(SecurityContextHolderAwareRequestFilter.java:181)
	at org.springframework.security.web.FilterChainProxy$VirtualFilterChain.doFilter(FilterChainProxy.java:380)
	at org.springframework.security.web.savedrequest.RequestCacheAwareFilter.doFilter(RequestCacheAwareFilter.java:63)
	at org.springframework.security.web.FilterChainProxy$VirtualFilterChain.doFilter(FilterChainProxy.java:380)
	at com.ust.pos.config.JwtFilter.doFilterInternal(JwtFilter.java:49)
	at org.springframework.web.filter.OncePerRequestFilter.doFilter(OncePerRequestFilter.java:116)
	at org.springframework.security.web.FilterChainProxy$VirtualFilterChain.doFilter(FilterChainProxy.java:380)
	at org.springframework.security.web.authentication.logout.LogoutFilter.doFilter(LogoutFilter.java:110)
	at org.springframework.security.web.authentication.logout.LogoutFilter.doFilter(LogoutFilter.java:96)
	at org.springframework.security.web.FilterChainProxy$VirtualFilterChain.doFilter(FilterChainProxy.java:380)
	at org.springframework.web.filter.CorsFilter.doFilterInternal(CorsFilter.java:91)
	at org.springframework.web.filter.OncePerRequestFilter.doFilter(OncePerRequestFilter.java:116)
	at org.springframework.security.web.FilterChainProxy$VirtualFilterChain.doFilter(FilterChainProxy.java:380)
	at org.springframework.security.web.header.HeaderWriterFilter.doHeadersAfter(HeaderWriterFilter.java:90)
	at org.springframework.security.web.header.HeaderWriterFilter.doFilterInternal(HeaderWriterFilter.java:75)
	at org.springframework.web.filter.OncePerRequestFilter.doFilter(OncePerRequestFilter.java:116)
	at org.springframework.security.web.FilterChainProxy$VirtualFilterChain.doFilter(FilterChainProxy.java:380)
	at org.springframework.security.web.context.SecurityContextHolderFilter.doFilter(SecurityContextHolderFilter.java:82)
	at org.springframework.security.web.context.SecurityContextHolderFilter.doFilter(SecurityContextHolderFilter.java:69)
	at org.springframework.security.web.FilterChainProxy$VirtualFilterChain.doFilter(FilterChainProxy.java:380)
	at org.springframework.security.web.context.request.async.WebAsyncManagerIntegrationFilter.doFilterInternal(WebAsyncManagerIntegrationFilter.java:62)
	at org.springframework.web.filter.OncePerRequestFilter.doFilter(OncePerRequestFilter.java:116)
	at org.springframework.security.web.FilterChainProxy$VirtualFilterChain.doFilter(FilterChainProxy.java:380)
	at org.springframework.security.web.session.DisableEncodeUrlFilter.doFilterInternal(DisableEncodeUrlFilter.java:42)
	at org.springframework.web.filter.OncePerRequestFilter.doFilter(OncePerRequestFilter.java:116)
	at org.springframework.security.web.FilterChainProxy$VirtualFilterChain.doFilter(FilterChainProxy.java:380)
	at org.springframework.security.web.FilterChainProxy.doFilterInternal(FilterChainProxy.java:237)
	at org.springframework.security.web.FilterChainProxy.doFilter(FilterChainProxy.java:195)
	at org.springframework.web.filter.CompositeFilter$VirtualFilterChain.doFilter(CompositeFilter.java:113)
	at org.springframework.web.filter.ServletRequestPathFilter.doFilter(ServletRequestPathFilter.java:52)
	at org.springframework.web.filter.CompositeFilter$VirtualFilterChain.doFilter(CompositeFilter.java:113)
	at org.springframework.web.filter.CompositeFilter.doFilter(CompositeFilter.java:74)
	at org.springframework.security.config.annotation.web.configuration.WebSecurityConfiguration$CompositeFilterChainProxy.doFilter(WebSecurityConfiguration.java:317)
	at org.springframework.web.filter.DelegatingFilterProxy.invokeDelegate(DelegatingFilterProxy.java:355)
	at org.springframework.web.filter.DelegatingFilterProxy.doFilter(DelegatingFilterProxy.java:272)
	at org.apache.catalina.core.ApplicationFilterChain.doFilter(ApplicationFilterChain.java:107)
	at org.springframework.web.filter.RequestContextFilter.doFilterInternal(RequestContextFilter.java:100)
	at org.springframework.web.filter.OncePerRequestFilter.doFilter(OncePerRequestFilter.java:116)
	at org.apache.catalina.core.ApplicationFilterChain.doFilter(ApplicationFilterChain.java:107)
	at org.springframework.web.filter.FormContentFilter.doFilterInternal(FormContentFilter.java:93)
	at org.springframework.web.filter.OncePerRequestFilter.doFilter(OncePerRequestFilter.java:116)
	at org.apache.catalina.core.ApplicationFilterChain.doFilter(ApplicationFilterChain.java:107)
	at org.springframework.web.filter.CharacterEncodingFilter.doFilterInternal(CharacterEncodingFilter.java:199)
	at org.springframework.web.filter.OncePerRequestFilter.doFilter(OncePerRequestFilter.java:116)
	at org.apache.catalina.core.ApplicationFilterChain.doFilter(ApplicationFilterChain.java:107)
	at org.apache.catalina.core.StandardWrapperValve.invoke(StandardWrapperValve.java:165)
	at org.apache.catalina.core.StandardContextValve.invoke(StandardContextValve.java:77)
	at org.apache.catalina.authenticator.AuthenticatorBase.invoke(AuthenticatorBase.java:492)
	at org.apache.catalina.core.StandardHostValve.invoke(StandardHostValve.java:113)
	at org.apache.catalina.valves.ErrorReportValve.invoke(ErrorReportValve.java:83)
	at org.apache.catalina.core.StandardEngineValve.invoke(StandardEngineValve.java:72)
	at org.apache.catalina.connector.CoyoteAdapter.service(CoyoteAdapter.java:341)
	at org.apache.coyote.http11.Http11Processor.service(Http11Processor.java:397)
	at org.apache.coyote.AbstractProcessorLight.process(AbstractProcessorLight.java:63)
	at org.apache.coyote.AbstractProtocol$ConnectionHandler.process(AbstractProtocol.java:903)
	at org.apache.tomcat.util.net.NioEndpoint$SocketProcessor.doRun(NioEndpoint.java:1779)
	at org.apache.tomcat.util.net.SocketProcessorBase.run(SocketProcessorBase.java:52)
	at org.apache.tomcat.util.threads.ThreadPoolExecutor.runWorker(ThreadPoolExecutor.java:946)
	at org.apache.tomcat.util.threads.ThreadPoolExecutor$Worker.run(ThreadPoolExecutor.java:480)
	at org.apache.tomcat.util.threads.TaskThread$WrappingRunnable.run(TaskThread.java:57)
	at java.base/java.lang.Thread.run(Unknown Source)
2026-06-26 17:28:21 - Unhandled exception occurred
org.springframework.security.authorization.AuthorizationDeniedException: Access Denied
	at org.springframework.security.authorization.method.ThrowingMethodAuthorizationDeniedHandler.handleDeniedInvocation(ThrowingMethodAuthorizationDeniedHandler.java:38)
	at org.springframework.security.authorization.method.PreAuthorizeAuthorizationManager.handleDeniedInvocation(PreAuthorizeAuthorizationManager.java:96)
	at org.springframework.security.authorization.method.AuthorizationManagerBeforeMethodInterceptor.handle(AuthorizationManagerBeforeMethodInterceptor.java:290)
	at org.springframework.security.authorization.method.AuthorizationManagerBeforeMethodInterceptor.attemptAuthorization(AuthorizationManagerBeforeMethodInterceptor.java:263)
	at org.springframework.security.authorization.method.AuthorizationManagerBeforeMethodInterceptor.invoke(AuthorizationManagerBeforeMethodInterceptor.java:197)
	at org.springframework.security.config.annotation.method.configuration.DeferringMethodInterceptor.invoke(DeferringMethodInterceptor.java:44)
	at org.springframework.aop.framework.ReflectiveMethodInvocation.proceed(ReflectiveMethodInvocation.java:179)
	at org.springframework.aop.framework.CglibAopProxy$DynamicAdvisedInterceptor.intercept(CglibAopProxy.java:719)
	at com.ust.pos.api.warehouse.WarehouseApiController$$SpringCGLIB$$0.home(<generated>)
	at java.base/jdk.internal.reflect.DirectMethodHandleAccessor.invoke(Unknown Source)
	at java.base/java.lang.reflect.Method.invoke(Unknown Source)
	at org.springframework.web.method.support.InvocableHandlerMethod.doInvoke(InvocableHandlerMethod.java:252)
	at org.springframework.web.method.support.InvocableHandlerMethod.invokeForRequest(InvocableHandlerMethod.java:184)
	at org.springframework.web.servlet.mvc.method.annotation.ServletInvocableHandlerMethod.invokeAndHandle(ServletInvocableHandlerMethod.java:117)
	at org.springframework.web.servlet.mvc.method.annotation.RequestMappingHandlerAdapter.invokeHandlerMethod(RequestMappingHandlerAdapter.java:934)
	at org.springframework.web.servlet.mvc.method.annotation.RequestMappingHandlerAdapter.handleInternal(RequestMappingHandlerAdapter.java:853)
	at org.springframework.web.servlet.mvc.method.AbstractHandlerMethodAdapter.handle(AbstractHandlerMethodAdapter.java:86)
	at org.springframework.web.servlet.DispatcherServlet.doDispatch(DispatcherServlet.java:963)
	at org.springframework.web.servlet.DispatcherServlet.doService(DispatcherServlet.java:866)
	at org.springframework.web.servlet.FrameworkServlet.processRequest(FrameworkServlet.java:1000)
	at org.springframework.web.servlet.FrameworkServlet.doPost(FrameworkServlet.java:903)
	at jakarta.servlet.http.HttpServlet.service(HttpServlet.java:649)
	at org.springframework.web.servlet.FrameworkServlet.service(FrameworkServlet.java:874)
	at jakarta.servlet.http.HttpServlet.service(HttpServlet.java:710)
	at org.apache.catalina.core.ApplicationFilterChain.doFilter(ApplicationFilterChain.java:128)
	at org.apache.tomcat.websocket.server.WsFilter.doFilter(WsFilter.java:53)
	at org.apache.catalina.core.ApplicationFilterChain.doFilter(ApplicationFilterChain.java:107)
	at org.springframework.web.filter.OncePerRequestFilter.doFilter(OncePerRequestFilter.java:110)
	at org.apache.catalina.core.ApplicationFilterChain.doFilter(ApplicationFilterChain.java:107)
	at org.springframework.web.filter.CompositeFilter$VirtualFilterChain.doFilter(CompositeFilter.java:108)
	at org.springframework.security.web.FilterChainProxy.lambda$doFilterInternal$3(FilterChainProxy.java:235)
	at org.springframework.security.web.FilterChainProxy$VirtualFilterChain.doFilter(FilterChainProxy.java:371)
	at org.springframework.security.web.access.intercept.AuthorizationFilter.doFilter(AuthorizationFilter.java:101)
	at org.springframework.security.web.FilterChainProxy$VirtualFilterChain.doFilter(FilterChainProxy.java:380)
	at org.springframework.security.web.access.ExceptionTranslationFilter.doFilter(ExceptionTranslationFilter.java:126)
	at org.springframework.security.web.access.ExceptionTranslationFilter.doFilter(ExceptionTranslationFilter.java:120)
	at org.springframework.security.web.FilterChainProxy$VirtualFilterChain.doFilter(FilterChainProxy.java:380)
	at org.springframework.security.web.session.SessionManagementFilter.doFilter(SessionManagementFilter.java:132)
	at org.springframework.security.web.session.SessionManagementFilter.doFilter(SessionManagementFilter.java:86)
	at org.springframework.security.web.FilterChainProxy$VirtualFilterChain.doFilter(FilterChainProxy.java:380)
	at org.springframework.security.web.authentication.AnonymousAuthenticationFilter.doFilter(AnonymousAuthenticationFilter.java:100)
	at org.springframework.security.web.FilterChainProxy$VirtualFilterChain.doFilter(FilterChainProxy.java:380)
	at org.springframework.security.web.servletapi.SecurityContextHolderAwareRequestFilter.doFilter(SecurityContextHolderAwareRequestFilter.java:181)
	at org.springframework.security.web.FilterChainProxy$VirtualFilterChain.doFilter(FilterChainProxy.java:380)
	at org.springframework.security.web.savedrequest.RequestCacheAwareFilter.doFilter(RequestCacheAwareFilter.java:63)
	at org.springframework.security.web.FilterChainProxy$VirtualFilterChain.doFilter(FilterChainProxy.java:380)
	at com.ust.pos.config.JwtFilter.doFilterInternal(JwtFilter.java:49)
	at org.springframework.web.filter.OncePerRequestFilter.doFilter(OncePerRequestFilter.java:116)
	at org.springframework.security.web.FilterChainProxy$VirtualFilterChain.doFilter(FilterChainProxy.java:380)
	at org.springframework.security.web.authentication.logout.LogoutFilter.doFilter(LogoutFilter.java:110)
	at org.springframework.security.web.authentication.logout.LogoutFilter.doFilter(LogoutFilter.java:96)
	at org.springframework.security.web.FilterChainProxy$VirtualFilterChain.doFilter(FilterChainProxy.java:380)
	at org.springframework.web.filter.CorsFilter.doFilterInternal(CorsFilter.java:91)
	at org.springframework.web.filter.OncePerRequestFilter.doFilter(OncePerRequestFilter.java:116)
	at org.springframework.security.web.FilterChainProxy$VirtualFilterChain.doFilter(FilterChainProxy.java:380)
	at org.springframework.security.web.header.HeaderWriterFilter.doHeadersAfter(HeaderWriterFilter.java:90)
	at org.springframework.security.web.header.HeaderWriterFilter.doFilterInternal(HeaderWriterFilter.java:75)
	at org.springframework.web.filter.OncePerRequestFilter.doFilter(OncePerRequestFilter.java:116)
	at org.springframework.security.web.FilterChainProxy$VirtualFilterChain.doFilter(FilterChainProxy.java:380)
	at org.springframework.security.web.context.SecurityContextHolderFilter.doFilter(SecurityContextHolderFilter.java:82)
	at org.springframework.security.web.context.SecurityContextHolderFilter.doFilter(SecurityContextHolderFilter.java:69)
	at org.springframework.security.web.FilterChainProxy$VirtualFilterChain.doFilter(FilterChainProxy.java:380)
	at org.springframework.security.web.context.request.async.WebAsyncManagerIntegrationFilter.doFilterInternal(WebAsyncManagerIntegrationFilter.java:62)
	at org.springframework.web.filter.OncePerRequestFilter.doFilter(OncePerRequestFilter.java:116)
	at org.springframework.security.web.FilterChainProxy$VirtualFilterChain.doFilter(FilterChainProxy.java:380)
	at org.springframework.security.web.session.DisableEncodeUrlFilter.doFilterInternal(DisableEncodeUrlFilter.java:42)
	at org.springframework.web.filter.OncePerRequestFilter.doFilter(OncePerRequestFilter.java:116)
	at org.springframework.security.web.FilterChainProxy$VirtualFilterChain.doFilter(FilterChainProxy.java:380)
	at org.springframework.security.web.FilterChainProxy.doFilterInternal(FilterChainProxy.java:237)
	at org.springframework.security.web.FilterChainProxy.doFilter(FilterChainProxy.java:195)
	at org.springframework.web.filter.CompositeFilter$VirtualFilterChain.doFilter(CompositeFilter.java:113)
	at org.springframework.web.filter.ServletRequestPathFilter.doFilter(ServletRequestPathFilter.java:52)
	at org.springframework.web.filter.CompositeFilter$VirtualFilterChain.doFilter(CompositeFilter.java:113)
	at org.springframework.web.filter.CompositeFilter.doFilter(CompositeFilter.java:74)
	at org.springframework.security.config.annotation.web.configuration.WebSecurityConfiguration$CompositeFilterChainProxy.doFilter(WebSecurityConfiguration.java:317)
	at org.springframework.web.filter.DelegatingFilterProxy.invokeDelegate(DelegatingFilterProxy.java:355)
	at org.springframework.web.filter.DelegatingFilterProxy.doFilter(DelegatingFilterProxy.java:272)
	at org.apache.catalina.core.ApplicationFilterChain.doFilter(ApplicationFilterChain.java:107)
	at org.springframework.web.filter.RequestContextFilter.doFilterInternal(RequestContextFilter.java:100)
	at org.springframework.web.filter.OncePerRequestFilter.doFilter(OncePerRequestFilter.java:116)
	at org.apache.catalina.core.ApplicationFilterChain.doFilter(ApplicationFilterChain.java:107)
	at org.springframework.web.filter.FormContentFilter.doFilterInternal(FormContentFilter.java:93)
	at org.springframework.web.filter.OncePerRequestFilter.doFilter(OncePerRequestFilter.java:116)
	at org.apache.catalina.core.ApplicationFilterChain.doFilter(ApplicationFilterChain.java:107)
	at org.springframework.web.filter.CharacterEncodingFilter.doFilterInternal(CharacterEncodingFilter.java:199)
	at org.springframework.web.filter.OncePerRequestFilter.doFilter(OncePerRequestFilter.java:116)
	at org.apache.catalina.core.ApplicationFilterChain.doFilter(ApplicationFilterChain.java:107)
	at org.apache.catalina.core.StandardWrapperValve.invoke(StandardWrapperValve.java:165)
	at org.apache.catalina.core.StandardContextValve.invoke(StandardContextValve.java:77)
	at org.apache.catalina.authenticator.AuthenticatorBase.invoke(AuthenticatorBase.java:492)
	at org.apache.catalina.core.StandardHostValve.invoke(StandardHostValve.java:113)
	at org.apache.catalina.valves.ErrorReportValve.invoke(ErrorReportValve.java:83)
	at org.apache.catalina.core.StandardEngineValve.invoke(StandardEngineValve.java:72)
	at org.apache.catalina.connector.CoyoteAdapter.service(CoyoteAdapter.java:341)
	at org.apache.coyote.http11.Http11Processor.service(Http11Processor.java:397)
	at org.apache.coyote.AbstractProcessorLight.process(AbstractProcessorLight.java:63)
	at org.apache.coyote.AbstractProtocol$ConnectionHandler.process(AbstractProtocol.java:903)
	at org.apache.tomcat.util.net.NioEndpoint$SocketProcessor.doRun(NioEndpoint.java:1779)
	at org.apache.tomcat.util.net.SocketProcessorBase.run(SocketProcessorBase.java:52)
	at org.apache.tomcat.util.threads.ThreadPoolExecutor.runWorker(ThreadPoolExecutor.java:946)
	at org.apache.tomcat.util.threads.ThreadPoolExecutor$Worker.run(ThreadPoolExecutor.java:480)
	at org.apache.tomcat.util.threads.TaskThread$WrappingRunnable.run(TaskThread.java:57)
	at java.base/java.lang.Thread.run(Unknown Source)
2026-06-26 17:28:21 - Using 'application/json', given [application/json, text/plain, */*] and supported [application/json, application/*+json, application/yaml]
2026-06-26 17:28:21 - Using 'application/json', given [application/json, text/plain, */*] and supported [application/json, application/*+json, application/yaml]
2026-06-26 17:28:21 - Writing [com.ust.pos.exception.ErrorResponse@75572b2f]
2026-06-26 17:28:21 - Writing [com.ust.pos.exception.ErrorResponse@2e218e44]
2026-06-26 17:28:21 - Resolved [org.springframework.security.authorization.AuthorizationDeniedException: Access Denied]
2026-06-26 17:28:21 - Resolved [org.springframework.security.authorization.AuthorizationDeniedException: Access Denied]
2026-06-26 17:28:21 - Completed 500 INTERNAL_SERVER_ERROR
2026-06-26 17:28:21 - Completed 500 INTERNAL_SERVER_ERROR
2026-06-26 17:28:22 - GET "/api/node/roles", parameters={}
2026-06-26 17:28:22 - Mapped to com.ust.pos.api.node.NodeApiController#getNodesForRoles()
2026-06-26 17:28:22 - Using 'application/json', given [application/json, text/plain, */*] and supported [application/json, application/*+json, application/yaml]
2026-06-26 17:28:22 - Writing [[PaginationDto(page=0, sizePerPage=0, sortDirection=DESC, sortField=identifier, totalPages=0, totalR (truncated)...]
2026-06-26 17:28:22 - Completed 200 OK
2026-06-26 17:31:46 - POST "/api/role/list", parameters={}
2026-06-26 17:31:46 - Mapped to com.ust.pos.api.role.RoleApiController#home(PaginationDto)
2026-06-26 17:31:46 - POST "/api/role/list", parameters={}
2026-06-26 17:31:46 - Read "application/json;charset=UTF-8" to [PaginationDto(page=0, sizePerPage=5, sortDirection=DESC, sortField=identifier, totalPages=0, totalRe (truncated)...]
2026-06-26 17:31:46 - Mapped to com.ust.pos.api.role.RoleApiController#home(PaginationDto)
2026-06-26 17:31:46 - Read "application/json;charset=UTF-8" to [PaginationDto(page=0, sizePerPage=5, sortDirection=DESC, sortField=identifier, totalPages=0, totalRe (truncated)...]
2026-06-26 17:31:46 - Using 'application/json', given [application/json, text/plain, */*] and supported [application/json, application/*+json, application/yaml]
2026-06-26 17:31:46 - Writing [PaginationDto(page=0, sizePerPage=5, sortDirection=DESC, sortField=identifier, totalPages=2, totalRe (truncated)...]
2026-06-26 17:31:46 - Using 'application/json', given [application/json, text/plain, */*] and supported [application/json, application/*+json, application/yaml]
2026-06-26 17:31:46 - Writing [PaginationDto(page=0, sizePerPage=5, sortDirection=DESC, sortField=identifier, totalPages=2, totalRe (truncated)...]
2026-06-26 17:31:46 - Completed 200 OK
2026-06-26 17:31:46 - Completed 200 OK
2026-06-26 17:34:22 - Commencing graceful shutdown. Waiting for active requests to complete
2026-06-26 17:34:22 - Graceful shutdown complete
2026-06-26 17:34:22 - Closing JPA EntityManagerFactory for persistence unit 'default'
2026-06-26 17:34:31 - Starting PosApplication using Java 22.0.2 with PID 3960 (C:\Users\308331\Desktop\Training\Hacker_Earth\UST-Live-03\POS\target\classes started by 308331 in C:\Users\308331\Desktop\Training\Hacker_Earth\UST-Live-03\POS)
2026-06-26 17:34:31 - No active profile set, falling back to 1 default profile: "default"
2026-06-26 17:34:36 - Bootstrapping Spring Data JPA repositories in DEFAULT mode.
2026-06-26 17:34:37 - Finished Spring Data repository scanning in 690 ms. Found 19 JPA repository interfaces.
2026-06-26 17:34:40 - Tomcat initialized with port 8080 (http)
2026-06-26 17:34:40 - Starting service [Tomcat]
2026-06-26 17:34:40 - Starting Servlet engine: [Apache Tomcat/11.0.20]
2026-06-26 17:34:41 - At least one JAR was scanned for TLDs yet contained no TLDs. Enable debug logging for this logger for a complete list of JARs that were scanned but no TLDs were found in them. Skipping unneeded JARs during scanning can improve startup time and JSP compilation time.
2026-06-26 17:34:42 - Root WebApplicationContext: initialization completed in 10259 ms
2026-06-26 17:34:42 - HHH008540: Processing PersistenceUnitInfo [name: default]
2026-06-26 17:34:42 - HHH000001: Hibernate ORM core version 7.2.7.Final
2026-06-26 17:34:44 - No LoadTimeWeaver setup: ignoring JPA class transformer
2026-06-26 17:34:46 - HHH10001005: Database info:
	Database JDBC URL [jdbc:mysql://localhost:3306/posdb]
	Database driver: MySQL Connector/J
	Database dialect: MySQLDialect
	Database version: 8.0.44
	Default catalog/schema: posdb/undefined
	Autocommit mode: undefined/unknown
	Isolation level: REPEATABLE_READ [default REPEATABLE_READ]
	JDBC fetch size: none
	Pool: DataSourceConnectionProvider
	Minimum pool size: undefined/unknown
	Maximum pool size: undefined/unknown
2026-06-26 17:34:50 - HHH000489: No JTA platform available (set 'hibernate.transaction.jta.platform' to enable JTA platform integration)
2026-06-26 17:34:51 - Initialized JPA EntityManagerFactory for persistence unit 'default'
2026-06-26 17:34:51 - Hibernate is in classpath; If applicable, HQL parser will be used.
2026-06-26 17:34:54 - spring.jpa.open-in-view is enabled by default. Therefore, database queries may be performed during view rendering. Explicitly configure spring.jpa.open-in-view to disable this warning
2026-06-26 17:34:55 - Global AuthenticationManager configured with AuthenticationProvider bean with name authenticationProvider
2026-06-26 17:34:55 - Global AuthenticationManager configured with an AuthenticationProvider bean. UserDetailsService beans will not be used by Spring Security for automatically configuring username/password login. Consider removing the AuthenticationProvider bean. Alternatively, consider using the UserDetailsService in a manually instantiated DaoAuthenticationProvider. If the current configuration is intentional, to turn off this warning, increase the logging level of 'org.springframework.security.config.annotation.authentication.configuration.InitializeUserDetailsBeanManagerConfigurer' to ERROR
2026-06-26 17:34:56 - 206 mappings in 'requestMappingHandlerMapping'
2026-06-26 17:34:57 - Patterns [/webjars/**, /**, /swagger-ui*/*swagger-initializer.js, /swagger-ui*/**] in 'resourceHandlerMapping'
2026-06-26 17:34:57 - ControllerAdvice beans: 0 @ModelAttribute, 0 @InitBinder, 2 RequestBodyAdvice, 1 ResponseBodyAdvice
2026-06-26 17:34:57 - ControllerAdvice beans: 2 @ExceptionHandler, 1 ResponseBodyAdvice
2026-06-26 17:34:58 - MongoClient with metadata {"driver": {"name": "mongo-java-driver|spring-boot|sync", "version": "5.6.4"}, "os": {"type": "Windows", "name": "Windows 11", "architecture": "amd64", "version": "10.0"}, "platform": "Java/OpenLogic/22.0.2+9-adhoc.Administrator.jdk22u"} created with settings MongoClientSettings{readPreference=primary, writeConcern=WriteConcern{w=null, wTimeout=null ms, journal=null}, retryWrites=true, retryReads=true, readConcern=ReadConcern{level=null}, credential=null, transportSettings=null, commandListeners=[], codecRegistry=ProvidersCodecRegistry{codecProviders=[ValueCodecProvider{}, BsonValueCodecProvider{}, DBRefCodecProvider{}, DBObjectCodecProvider{}, DocumentCodecProvider{}, CollectionCodecProvider{}, IterableCodecProvider{}, MapCodecProvider{}, GeoJsonCodecProvider{}, GridFSFileCodecProvider{}, Jsr310CodecProvider{}, JsonObjectCodecProvider{}, BsonCodecProvider{}, com.mongodb.client.model.mql.ExpressionCodecProvider@3a2cc282, com.mongodb.Jep395RecordCodecProvider@62910d16, com.mongodb.KotlinCodecProvider@3cc3914a, EnumCodecProvider{}]}, loggerSettings=LoggerSettings{maxDocumentLength=1000}, clusterSettings={hosts=[localhost:27017], srvServiceName=mongodb, mode=SINGLE, requiredClusterType=UNKNOWN, requiredReplicaSetName='null', serverSelector='null', clusterListeners='[]', serverSelectionTimeout='30000 ms', localThreshold='15 ms'}, socketSettings=SocketSettings{connectTimeoutMS=10000, readTimeoutMS=0, receiveBufferSize=0, proxySettings=ProxySettings{host=null, port=null, username=null, password=null}}, heartbeatSocketSettings=SocketSettings{connectTimeoutMS=10000, readTimeoutMS=10000, receiveBufferSize=0, proxySettings=ProxySettings{host=null, port=null, username=null, password=null}}, connectionPoolSettings=ConnectionPoolSettings{maxSize=100, minSize=0, maxWaitTimeMS=120000, maxConnectionLifeTimeMS=0, maxConnectionIdleTimeMS=0, maintenanceInitialDelayMS=0, maintenanceFrequencyMS=60000, connectionPoolListeners=[], maxConnecting=2}, serverSettings=ServerSettings{heartbeatFrequencyMS=10000, minHeartbeatFrequencyMS=500, serverMonitoringMode=AUTO, serverListeners='[]', serverMonitorListeners='[]'}, sslSettings=SslSettings{enabled=false, invalidHostNameAllowed=false, context=null}, applicationName='null', compressorList=[], uuidRepresentation=UNSPECIFIED, serverApi=null, autoEncryptionSettings=null, dnsClient=null, inetAddressResolver=null, contextProvider=null, timeoutMS=null}
2026-06-26 17:34:58 - Monitor thread successfully connected to server with description ServerDescription{address=localhost:27017, type=STANDALONE, cryptd=false, state=CONNECTED, ok=true, minWireVersion=0, maxWireVersion=27, maxDocumentSize=16777216, logicalSessionTimeoutMinutes=30, roundTripTimeNanos=74462600, minRoundTripTimeNanos=0}
2026-06-26 17:34:58 - Tomcat started on port 8080 (http) with context path '/'
2026-06-26 17:34:58 - Started PosApplication in 28.08 seconds (process running for 29.18)
2026-06-26 17:35:49 - Initializing Spring DispatcherServlet 'dispatcherServlet'
2026-06-26 17:35:49 - Initializing Servlet 'dispatcherServlet'
2026-06-26 17:35:49 - Detected StandardServletMultipartResolver
2026-06-26 17:35:49 - Detected AcceptHeaderLocaleResolver
2026-06-26 17:35:49 - Detected org.springframework.web.servlet.view.DefaultRequestToViewNameTranslator@50d507ab
2026-06-26 17:35:49 - Detected org.springframework.web.servlet.support.SessionFlashMapManager@5dd2e62a
2026-06-26 17:35:49 - enableLoggingRequestDetails='false': request parameters and headers will be masked to prevent unsafe logging of potentially sensitive data
2026-06-26 17:35:49 - Completed initialization in 10 ms
2026-06-26 17:35:51 - POST "/api/role/list", parameters={}
2026-06-26 17:35:51 - Mapped to com.ust.pos.api.role.RoleApiController#home(PaginationDto)
2026-06-26 17:35:52 - Read "application/json;charset=UTF-8" to [PaginationDto(page=1, sizePerPage=5, sortDirection=DESC, sortField=identifier, totalPages=0, totalRe (truncated)...]
2026-06-26 17:35:52 - Using 'application/json', given [application/json, text/plain, */*] and supported [application/json, application/*+json, application/yaml]
2026-06-26 17:35:52 - Writing [PaginationDto(page=1, sizePerPage=5, sortDirection=DESC, sortField=identifier, totalPages=2, totalRe (truncated)...]
2026-06-26 17:35:52 - Completed 200 OK
2026-06-26 17:35:57 - GET "/api/user/get?username=yesh%40gmail.com", parameters={masked}
2026-06-26 17:35:57 - Mapped to com.ust.pos.api.user.UserApiController#update(String)
2026-06-26 17:35:57 - Using 'application/json', given [application/json, text/plain, */*] and supported [application/json, application/*+json, application/yaml]
2026-06-26 17:35:57 - Writing [PaginationDto(page=0, sizePerPage=0, sortDirection=DESC, sortField=identifier, totalPages=0, totalRe (truncated)...]
2026-06-26 17:35:57 - Completed 200 OK
2026-06-26 17:35:57 - GET "/api/user/get?username=yesh%40gmail.com", parameters={masked}
2026-06-26 17:35:57 - Mapped to com.ust.pos.api.user.UserApiController#update(String)
2026-06-26 17:35:57 - Using 'application/json', given [application/json, text/plain, */*] and supported [application/json, application/*+json, application/yaml]
2026-06-26 17:35:57 - Writing [PaginationDto(page=0, sizePerPage=0, sortDirection=DESC, sortField=identifier, totalPages=0, totalRe (truncated)...]
2026-06-26 17:35:57 - Completed 200 OK
